Unit Name	ID	Algo Verified	Name	Date Created	Work History	Algo Grant	Company	Paper	Roadmap	Wallets	Other Links
=HYPERLINK("https://algoexplorer.io/asset/397111682", "AVO")	=HYPERLINK("https://algoexplorer.io/asset/397111682","397111682")	TBD	ALGO AVOCADO	=HYPERLINK("https://algoexplorer.io/tx/FP5OGYHFIVIOAPPPHR5HFGROA756ITBCHLSV3HVYNBZ5BGZCYMWQ","Nov 4, 2021")	TBD	TBD	TBD	TBD	TBD	Creator, Manager, Reserve	Creator, Manager, Reserve
=HYPERLINK("https://algoexplorer.io/asset/397111682","ABSKT")	=HYPERLINK("https://algoexplorer.io/asset/353409462","353409462")	TBD	=HYPERLINK("https://algobasket.io/","AlgoBasket")	=HYPERLINK("https://algoexplorer.io/tx/V34T23MTXFVU5VNBFPWQC7CTQO6563SRR6N2M5OEVM2OYTSNUSVQ","Oct 2, 2021")	TBD	TBD	TBD	TBD	TBD	Creator, Manager, Reserve	=HYPERLINK("https://tinychart.org/asset/353409462","TinyChart")
=HYPERLINK("https://algoexplorer.io/asset/430838314","ACAT")	=HYPERLINK("https://algoexplorer.io/asset/430838314","430838314")	TBD	=HYPERLINK("https://www.astrocatasa.com/","Astrocat")	=HYPERLINK("https://algoexplorer.io/tx/SL6G2XHLQMNAA3BQY3KNQTPZEFQHAHU7SVMNZL33ZSTZINHHDFSA","Nov 19, 2021")	TBD	TBD	TBD	=HYPERLINK("https://www.astrocatasa.com/_files/ugd/7368d2_251bc2345930449f84e34f707ff00e2f.pdf","Yes")	TBD	Creator, Manager, Reserve	Discord, Instagram, Reddit, TinyChart, Twitter
=HYPERLINK("https://algoexplorer.io/asset/226265212","ACORN")	=HYPERLINK("https://algoexplorer.io/asset/226265212","226265212")	TBD	=HYPERLINK("https://acorntoken.xyz/","AlgoNuts")	=HYPERLINK("https://algoexplorer.io/tx/GLKUV6RLSBND4JOCZLXIPRULRD5YKLAHECERKTE2U5TCGDELXNOQ","Jun 21, 2021")	TBD	TBD	TBD	TBD	TBD	Creator, Manager, Reserve	Discord, Email, TinyChart, Twitter
=HYPERLINK("https://algoexplorer.io/asset/555540865","ACRES")	=HYPERLINK("https://algoexplorer.io/asset/555540865","555540865")	TBD	=HYPERLINK("https://www.my80acres.com/","80Acres")	=HYPERLINK("https://algoexplorer.io/tx/NIEJPFAVMMJJ6UVVRUJR5PRX52V5WSTGLOEWTZETVGK5FFSIAMIQ","Jan 20, 2022")	TBD	TBD	TBD	TBD	TBD	Creator, Manager, Reserve	Email, Phone, TinyChart
=HYPERLINK("https://algoexplorer.io/asset/426526699","ADVENTUR")	=HYPERLINK("https://algoexplorer.io/asset/426526699","426526699")	TBD	=HYPERLINK("https://myadventure.games/","Adventure Coin")	=HYPERLINK("https://algoexplorer.io/tx/TMZJQ466FM7J3VTQCEQW75EVEZOFCZW4GMR5SAOR6WP52VP3J4UA","Nov 17, 2021")	TBD	TBD	TBD	TBD	TBD	Creator, Manager, Reserve	Reddit, TinyChart, Twitter
=HYPERLINK("http://thealgofaucet.com/","AFD")	=HYPERLINK("http://thealgofaucet.com/","393495312")	TBD	=HYPERLINK("http://thealgofaucet.com/","Algorand Faucet Drops")	=HYPERLINK("https://algoexplorer.io/tx/76XG7CPYNXEOGHTH76Q6VDDEVMBZUS7QF3AYBWYHFAQN4IZK63EQ","Nov 2, 2021")	TBD	TBD	TBD	=HYPERLINK("https://github.com/thebigbangflash/TheAlgoFaucet/blob/main/Whitepaper.md","Yes")	TBD	Creator, Reserve	Discord, TinyChart, Twitter
=HYPERLINK("https://algoexplorer.io/asset/305992851","AGNR")	=HYPERLINK("https://algoexplorer.io/asset/305992851","305992851")	TBD	=HYPERLINK("https://www.algoneer.net/","Algoneer")	=HYPERLINK("https://algoexplorer.io/tx/PDXEB7V53UFMEXKKL5QRDM4N5HKTZ2I32ORPWLLYMON6G6V3MECA","Aug 18, 2021")	Team (1,2)	TBD	TBD	TBD	TBD	Creator, Manager, Reserve	Discord, Ecosystem, GitHub, Reddit, TinyChart
=HYPERLINK("https://algoexplorer.io/asset/453816186","AGR")	=HYPERLINK("https://algoexplorer.io/asset/453816186","453816186")	TBD	=HYPERLINK("https://starsightlabs.com/","Aegir")	=HYPERLINK("https://algoexplorer.io/tx/KNZ5LKK36Q4T4KBVQTOWOQ7O4NYW2XFWIA3HLPQJVX6KS74VK4EA","Dec 3, 2021")	TBD	TBD	TBD	TBD	=HYPERLINK("https://starsightlabs.com/roadmap","Yes")	Creator, Manager, Reserve	Discord, Ecosystem, Email, TinyChart, Twitter
=HYPERLINK("https://algoexplorer.io/asset/457205263","AIRSHO")	=HYPERLINK("https://algoexplorer.io/asset/457205263","457205263")	TBD	=HYPERLINK("https://airsho.io/","AIRSHO Coin")	=HYPERLINK("https://algoexplorer.io/tx/5L4OEQD24INSCEAZF2ONEKYDLJJQ2BX57D4BLA473OZZWSGK55DQ","Dec 6, 2021")	TBD	TBD	TBD	=HYPERLINK("https://airsho.io/whitepaper","Yes")	=HYPERLINK("https://airsho.io/roadmap","Yes")	Creator, Manager, Reserve	Discord, Ecosystem, Reddit, TinyChart, Twitter
=HYPERLINK("https://algoexplorer.io/asset/523683256","AKTA")	=HYPERLINK("https://algoexplorer.io/asset/523683256","523683256")	TBD	=HYPERLINK("https://akita.community/","Akita Inu")	=HYPERLINK("https://algoexplorer.io/tx/IZ7MBLH44MGPGDO3YNYHFRWLLW6OUY7YUF7ZVET7URRY3GMA2WFQ","Jan 5, 2022")	TBD	TBD	TBD	=HYPERLINK("https://akita.community/","Yes")	=HYPERLINK("https://akita.community/documents/AKITAroadmap-11.15.png","Yes")	Creator, Manager, Reserve	Discord, Instagram, Reddit, TinyChart, Twitter
=HYPERLINK("https://algoexplorer.io/asset/447852812","AL")	=HYPERLINK("https://algoexplorer.io/asset/447852812","447852812")	TBD	=HYPERLINK("https://algolitetoken.org/","ALGO LITE")	=HYPERLINK("https://algoexplorer.io/tx/4WHWYHDETP4ZEQB742ZB4FR273676Y336PGU4NH2AWNQ4UC6EE4Q","Nov 30, 2021")	TBD	TBD	TBD	TBD	TBD	Creator, Manager, Reserve	=HYPERLINK("https://tinychart.org/asset/447852812","TinyChart")
=HYPERLINK("https://algoexplorer.io/asset/445905873","ALC")	=HYPERLINK("https://algoexplorer.io/asset/445905873","445905873")	TBD	=HYPERLINK("https://www.algoleagues.com/","Algo Leagues")	=HYPERLINK("https://algoexplorer.io/tx/32DHO4KS3CR32HCFSM2WD7SUAG7KGJ6MWWFNGEQMXJDVF46OQRYQ","Nov 28, 2021")	TBD	TBD	TBD	TBD	TBD	Creator, Manager, Reserve	Discord, Tinychart
=HYPERLINK("https://algoexplorer.io/asset/310014962","ALCH")	=HYPERLINK("https://algoexplorer.io/asset/310014962","310014962")	TBD	=HYPERLINK("https://alchemon.net/","AlcheCoin")	=HYPERLINK("https://algoexplorer.io/tx/MAZP3AASGTLABWTE6BIEQQ3FSNHZVLAINN3DXDAXP42MYV36NKZQ","Aug 23, 2021")	TBD	TBD	TBD	=HYPERLINK("https://alchemon.net/litepaper.html","Yes")	TBD	Creator, Manager, Reserve	Discord, Telegram, TinyChart, Twitter
ALGF	463554836	TBD	=HYPERLINK("https://algofund.co/","AlgoFund")	=HYPERLINK("https://algoexplorer.io/tx/SOQ56EVXWAYNABTOCD5VOQ6QLKQJYPQSWJCSC4RTK4GBHPPQSOQQ","Dec 11, 2021")	TBD	TBD	TBD	=HYPERLINK("https://algofund.co/whitepaper.pdf","Yes")	=HYPERLINK("https://algofund.co/#roadmap","Yes")	Creator, Manager, Reserve	Email, Reddit, Telegram, TinyChart, Twitter
=HYPERLINK("https://algoexplorer.io/asset/227358511","ALGR")	=HYPERLINK("https://algoexplorer.io/asset/227358511","227358511")	TBD	ALGore	=HYPERLINK("https://algoexplorer.io/tx/ZAEUSG2FIT23FBXIJ5P3RKGFXRFBXSN3I2VUKBUBKQJYOCZ566BA","May 25, 2021")	TBD	TBD	TBD	TBD	TBD	Creator, Manager, Reserve	=HYPERLINK("https://tinychart.org/asset/227358511","TinyChart")
=HYPERLINK("https://algoexplorer.io/asset/604643747","ANI")	=HYPERLINK("https://algoexplorer.io/asset/604643747","604643747")	TBD	Anirand	=HYPERLINK("https://algoexplorer.io/tx/BL47WHZ4QAOA5LMUSIZSGNP4VK5JZFYLXG7JX6QIAQUCMZGDKPHQ","Feb 14, 2022")	TBD	TBD	TBD	TBD	TBD	Creator, Manager, Reserve	=HYPERLINK("https://tinychart.org/asset/604643747","TinyChart")
=HYPERLINK("https://algoexplorer.io/asset/446220964","ANML")	=HYPERLINK("https://algoexplorer.io/asset/446220964","446220964")	TBD	=HYPERLINK("https://www.anml.style/","Animal Style")	=HYPERLINK("https://algoexplorer.io/tx/A3DJPOAC35XT6THIYNEMG3L2Q2DLCKBV2PPYBYFIWFJ2I6MFOCUQ","Nov 28, 2021")	TBD	TBD	TBD	TBD	TBD	Creator, Reserve	=HYPERLINK("https://tinychart.org/asset/446220964","TinyChart")
=HYPERLINK("https://algoexplorer.io/asset/409604194","AO")	=HYPERLINK("https://algoexplorer.io/asset/409604194","409604194")	TBD	=HYPERLINK("https://www.algocean.org/","AlgOcean")	=HYPERLINK("https://algoexplorer.io/tx/X6SRS75WMUEMFGATT3W7PM2JRPDIVV6CVAJ2Z3CNBKUJX7OBPVWA","Nov 10, 2021")	TBD	TBD	TBD	=HYPERLINK("https://www.algocean.org/about-us/whitepaper","Yes")	=HYPERLINK("https://www.algocean.org/about-us/roadmap","Yes")	Creator, Manager, Reserve	Discord, Email, GitHub, Reddit, TinyChart, Twitter
=HYPERLINK("https://algoexplorer.io/asset/466716175","AoA")	=HYPERLINK("https://algoexplorer.io/asset/466716175","466716175")	TBD	=HYPERLINK("https://www.angelsofares.xyz/","Angels of Ares")	=HYPERLINK("https://algoexplorer.io/tx/WUQ5WJMAPXM5ZH7GR7IGMN2WPHECJXAOLI2UHQJHKTV5HLMAMMBQ","Dec 15, 2021")	TBD	TBD	TBD	=HYPERLINK("https://www.angelsofares.xyz/_files/ugd/060012_ee0273b354514e77b1d5de0c477cc786.pdf","Yes")	TBD	Creator, Manager, Reserve	Discord, Telegram, TinyChart, Twitter
=HYPERLINK("https://algoexplorer.io/asset/542132831","APF")	=HYPERLINK("https://algoexplorer.io/asset/542132831","542132831")	TBD	=HYPERLINK("https://www.asaportfolio.org/","ASA Portfolio")	=HYPERLINK("https://algoexplorer.io/tx/UDFRC4UT6BELKHBKRWXCFNV4B2EQYHPDMR35U5FW4I7K6QGK5BUQ","Jan 13, 2022")	TBD	TBD	TBD	=HYPERLINK("https://www.asaportfolio.org/whitepaper","Yes")	TBD	Creator, Manager	Discord, Ecosystem, GitHub, Reddit, TinyChart, Twitter
=HYPERLINK("https://algoexplorer.io/asset/397629052","APPLE")	=HYPERLINK("https://algoexplorer.io/asset/397629052","397629052")	TBD	Apple	=HYPERLINK("https://algoexplorer.io/tx/6OXMJU2QARQFRBMAKJGVUCBRYTZ6DZH3QJOFZLIBUNI2M6FSRSWQ","Nov 4, 2021")	TBD	TBD	TBD	TBD	TBD	Creator, Manager, Reserve	=HYPERLINK("https://tinychart.org/asset/397629052","TinyChart")
=HYPERLINK("https://algoexplorer.io/asset/163650","ARCC")	=HYPERLINK("https://algoexplorer.io/asset/163650","163650")	TBD	=HYPERLINK("https://ibmr.io/","Asia Reserve Currency Coin")	=HYPERLINK("https://algoexplorer.io/tx/RR6ACOE4TJ6BOPEWFNWLE22IGX4WIG32O7BCMMFOKYTK5V7JQW5Q","Jan 9, 2020")	TBD	TBD	TBD	=HYPERLINK("https://ibmr.io/whitepaper/","Yes")	TBD	Clawback, Creator, Freeze, Manager, Reserve	Email, Medium, Telegram, TinyChart, Twitter
=HYPERLINK("https://algoexplorer.io/asset/393537671","ASASTATS")	=HYPERLINK("https://algoexplorer.io/asset/393537671","393537671")	TBD	=HYPERLINK("https://www.asastats.com/","ASA Stats")	=HYPERLINK("https://algoexplorer.io/tx/YSKVZSM3UUTK7BUUZQKIP4AVYC4UZ27J5EX4BRK7GF677OPG6NUA","Nov 2, 2021")	Core Developer & Website Administrator (1,2)	TBD	TBD	TBD	=HYPERLINK("https://github.com/asastats/docs/blob/main/roadmap.md","Yes")	Creator, Manager, Reserve	Discord, Discord, GitHub, Reddit, TinyChart, Twitter
=HYPERLINK("https://algoexplorer.io/asset/540605589","AVCT")	=HYPERLINK("https://algoexplorer.io/asset/540605589","540605589")	TBD	=HYPERLINK("https://algovegas.com/","AlgoVegas Casino Token")	=HYPERLINK("https://algoexplorer.io/tx/XD37TMRO2RB63S3IVOEJA7REIG6SPR2EKVPB7EVXMADGVQ4MG46Q","Jan 12, 2022")	TBD	TBD	TBD	=HYPERLINK("https://algovegas.com/algovegas-whitepaper.pdf","Yes")	TBD	Creator, Reserve	TinyChart, Twitter
=HYPERLINK("https://algoexplorer.io/asset/233939122","AWT")	=HYPERLINK("https://algoexplorer.io/asset/233939122","233939122")	TBD	=HYPERLINK("https://algoworld.io/","AlgoWorld Token")	=HYPERLINK("https://algoexplorer.io/tx/O7A4EJTTTUOITTZNSAXUB7DE5OUK2MJ7BLZU6H6O7SVSMGK5ADRQ","Jun 5, 2021")	TBD	TBD	TBD	TBD	TBD	Creator, Manager, Reserve	Discord, Ecosystem, Email, GitHub, Telegram, TinyChart, Twitter
=HYPERLINK("https://algoexplorer.io/asset/470335962","BALGO")	=HYPERLINK("https://algoexplorer.io/asset/470335962","470335962")	TBD	balgo	=HYPERLINK("https://algoexplorer.io/tx/M577QII5EJXNNEZ433M37IYRDMMM7BPN766SS4IQWV6U5WN4CLGA","Dec 17, 2021")	TBD	TBD	TBD	TBD	TBD	Clawback, Creator, Freeze, Manager, Reserve	=HYPERLINK("https://tinychart.org/asset/470335962","TinyChart")
=HYPERLINK("https://algoexplorer.io/asset/382781470","BANAAN")	=HYPERLINK("https://algoexplorer.io/asset/382781470","382781470")	TBD	=HYPERLINK("Https://banaan.ga","BANAAN")	=HYPERLINK("https://algoexplorer.io/tx/OHFMN57YUUVUM5J3U6YFQI2FPDTFODCUWWATMZZTF3I26FPXXC7Q","Dec 20, 2021")	TBD	TBD	TBD	TBD	TBD	Creator, Manager, Reserve	=HYPERLINK("https://tinychart.org/asset/382781470","Tinychart")
=HYPERLINK("https://algoexplorer.io/asset/469835031","BANK")	=HYPERLINK("https://algoexplorer.io/asset/469835031","469835031")	TBD	=HYPERLINK("https://www.algofi.org/","Algofi")	=HYPERLINK("https://algoexplorer.io/tx/7YDZPDOEEWWSOP2V4K3JPJ5VGJCUJA6C3KSX4WQ5PCMXR4BRHODA","Dec 16, 2021")	Co-Founder, Co-Founder, Community Manager, Founding Engineer, Product Manager, Software Engineer	=HYPERLINK("https://algorand.foundation/grants-program/grant-awardees","Awarded")	=HYPERLINK("https://www.crunchbase.com/organization/algofi-15e3","Registered")	TBD	=HYPERLINK("https://blog.algofi.org/algofi-roadmap-update-dex-aeneas-rewards-nanoswap-bank-and-more-a3912874e097","Yes")	Creator, Manager, Reserve	Discord, Ecosystem, Email, GitHub, LinkedIn, Medium, Reddit, Telegram, Tinychart, Tinychart, Twitter
=HYPERLINK("https://algoexplorer.io/asset/615093377","BASIC")	=HYPERLINK("https://algoexplorer.io/asset/615093377","615093377")	TBD	=HYPERLINK("https://community.algobasics.org/home","AlgoBasics")	=HYPERLINK("https://algoexplorer.io/tx/5BED7RGRSE34EGL3RWQGMB4YRMAJW3WDL5NNQJICUUKSTBJDGRAQ","Feb 19, 2022")	TBD	TBD	TBD	TBD	TBD	Clawback, Creator, Freeze, Manager, Reserve	=HYPERLINK("https://tinychart.org/asset/615093377","TinyChart")
=HYPERLINK("https://algoexplorer.io/asset/473180477","BEAN")	=HYPERLINK("https://algoexplorer.io/asset/473180477","473180477")	TBD	=HYPERLINK("https://www.coffeedao.dev/","Coffee DAO")	=HYPERLINK("https://algoexplorer.io/tx/7NJWQHWI636KROGW35P3743PDDCG23M2VJCA2RBQIS7URUFU462A","Dec 18, 2021")	TBD	TBD	TBD	TBD	TBD	Creator, Manager, Reserve	Discord, Tinychart, Twitter
=HYPERLINK("https://algoexplorer.io/asset/478549868","BIRDS")	=HYPERLINK("https://algoexplorer.io/asset/478549868","478549868")	TBD	=HYPERLINK("https://www.bird.bot/","BirdBot")	=HYPERLINK("https://algoexplorer.io/tx/OHFMN57YUUVUM5J3U6YFQI2FPDTFODCUWWATMZZTF3I26FPXXC7Q","Dec 20, 2021")	Co-Founder, Hardware Developer	=HYPERLINK("https://www.reddit.com/r/BirdBotASA/comments/sm9s9o/birdbot_recap_week_5/","Applied")	TBD	=HYPERLINK("https://www.reddit.com/r/BirdBotASA/comments/rq3va3/introduction_and_faq/","Being Finalized")	=HYPERLINK("https://www.reddit.com/r/BirdBotASA/comments/s3g7hl/improved_birdbot_token_vesting_positions_and/","Yes")	Creator, Developer, Liquidity, Manager, Reserve, Team	Discord, Ecosystem, GitHub, LinkedIn, Reddit, Tinychart, Twitter
=HYPERLINK("https://algoexplorer.io/asset/401752010","BLAPU")	=HYPERLINK("https://algoexplorer.io/asset/401752010","401752010")	TBD	Blapu	=HYPERLINK("https://algoexplorer.io/tx/SCGCLMPSV6QLQM3PIZFRP7QEZMHKCUFJEVB3XIMQKFUXMAO2JNOQ","Nov 6, 2021")	TBD	TBD	TBD	TBD	TBD	Creator, Manager, Reserve	=HYPERLINK("https://tinychart.org/asset/401752010","TinyChart")
=HYPERLINK("https://algoexplorer.io/asset/251014570","Block")	=HYPERLINK("https://algoexplorer.io/asset/251014570","251014570")	TBD	=HYPERLINK("https://blockcreate.io/","Blocks")	=HYPERLINK("https://algoexplorer.io/tx/TAIN6QZEYAVQDKD4MDSNGRCAKRE4XQGPWO2O4VV4ZKEUI44PQY5A","Jun 22, 2021")	Creative Founder, Technical Founder	TBD	TBD	=HYPERLINK("https://blockcreate.io/white-paper","Yes")	=HYPERLINK("https://blockcreate.io/white-paper","Yes")	Clawback, Creator, Freeze, Manager, Reserve	Email, TinyChart, Twitter
=HYPERLINK("https://algoexplorer.io/asset/342889824","BOARD")	=HYPERLINK("https://algoexplorer.io/asset/342889824","342889824")	TBD	=HYPERLINK("https://boardofficial.com/","Board")	=HYPERLINK("https://algoexplorer.io/tx/77QBGQ2IGKWMHPHYEGXGUHTPBW6G6XIDZLH6SATGVAGVQ7S2XQXA","Sep 23, 2021")	TBD	TBD	TBD	Yes, Yes	TBD	Creator, Manager, Reserve	Ecosystem, Medium, Telegram, TinyChart, Twitter
=HYPERLINK("https://algoexplorer.io/asset/251014570","Bones")	=HYPERLINK("https://algoexplorer.io/asset/251014570","251014570")	TBD	=HYPERLINK("https://bonesasa.com/","Bones ASA")	=HYPERLINK("https://algoexplorer.io/tx/WRYUAWCPS6CT3TKZ4UB3BWVOTS7MFTHFYSEYWJDUZVL5PRGWNYEQ","Dec 29, 2021")	TBD	TBD	TBD	TBD	=HYPERLINK("https://bonesasa.com/","Yes")	Creator, Manager, Reserve	Reddit, TinyChart, Twitter
=HYPERLINK("https://algoexplorer.io/asset/498684064","BULO")	=HYPERLINK("https://algoexplorer.io/asset/498684064","498684064")	TBD	=HYPERLINK("https://bulocoin.site/assets/BULOpaper.pdf","BULO Coin")	=HYPERLINK("https://algoexplorer.io/tx/TXDOWGURXXKJBPY6N3OXCBQX5YF4EMXAOIAO5Q4DZLODT2KVTSLQ","Dec 26, 2021")	TBD	TBD	TBD	=HYPERLINK("https://bulocoin.site/assets/BULOpaper.pdf","Yes")	TBD	Creator, Reserve	=HYPERLINK("https://tinychart.org/asset/498684064","TinyChart")
=HYPERLINK("https://algoexplorer.io/asset/137020565","BUY")	=HYPERLINK("https://algoexplorer.io/asset/137020565","137020565")	TBD	=HYPERLINK("https://buying.com/","Buy Token")	=HYPERLINK("https://algoexplorer.io/tx/DQWLSCK65PFBST3IJMEAK4FOXBKVC4ZXJDN2HONL364VGEVPZICQ","Feb 24, 2021")	Blockchain Architect, Business Development Manager, CEO, Founder, Creative Ahead, CTO, COO, Customer Service Representative, Head of Sales and Marketing, Marketing Advisor, Sales & Marketing Consultant, Sales & Marketing Specialist, Sales Representative, Sales Specialist, Senior Advisor, Senior Advisor	TBD	=HYPERLINK("https://www.crunchbase.com/organization/buying-com","Yes")	=HYPERLINK("https://www.buying.com/catalog/view/theme/journal2/assets/documents/Buying.com_Whitepaper_v5.pdf","Yes")	=HYPERLINK("https://buying.com/index.php?route=common/roadmap","Yes")	Clawback, Creator, Freeze, Manager, Reserve	Email, LinkedIn, Phone, Telegram, TinyChart, Twitter
=HYPERLINK("https://algoexplorer.io/asset/402495345","CHEERS")	=HYPERLINK("https://algoexplorer.io/asset/402495345","402495345")	TBD	DrinkItWriteIt	=HYPERLINK("https://algoexplorer.io/tx/W5DPJN2WEFXZBZRTGOPSUR65MJS3VUE2B7L3V2ICSUH4CHC6KKCQ","Nov 7, 2021")	TBD	TBD	TBD	TBD	TBD	Creator, Manager, Reserve	=HYPERLINK("https://tinychart.org/asset/402495345","TinyChart")
=HYPERLINK("https://algoexplorer.io/asset/388592191","Chips")	=HYPERLINK("https://algoexplorer.io/asset/388592191","388592191")	Yes	=HYPERLINK("https://algo-casino.com/","Algo-Casino")	=HYPERLINK("https://algoexplorer.io/tx/MHS6JPEVTHRJR3WZDAQ724BGFLT2TDO7XT2USTOMBAGVSG6I3OUA","Oct 29, 2021")	Founder & CEO, Website Developer	TBD	TBD	TBD	=HYPERLINK("https://algo-casino.com/road-map/","Yes")	CEO, Creator, Developer, Faucet, Manager, Reserve, Test, Test	Discord, Ecosystem, LinkedIn, Reddit, Tinychart, Twitter
=HYPERLINK("https://algoexplorer.io/asset/297995609","Choice")	=HYPERLINK("https://algoexplorer.io/asset/297995609","297995609")	TBD	=HYPERLINK("https://choice-coin.com/","Choice Coin")	=HYPERLINK("https://algoexplorer.io/tx/QSCTHWKR3OTGBIQINSK3KC226JXJJYN2QGZO6OOARDW4EFY2UTDA","Aug 10, 2021")	=HYPERLINK("https://github.com/Bhaney44","Co-Founder")	TBD	TBD	=HYPERLINK("https://github.com/ChoiceCoin/White_Paper/blob/main/Choice_White_Paper.pdf","Yes")	=HYPERLINK("https://choice-coin.com/pages/about.html","Yes")	Creator, Manager, Reserve	Ecosystem, GitHub, Medium, TinyChart, Twitter
=HYPERLINK("https://algoexplorer.io/asset/585221469","CNDL")	=HYPERLINK("https://algoexplorer.io/asset/585221469","585221469")	TBD	Candle	=HYPERLINK("https://algoexplorer.io/tx/WIUWSZI2S6XIYEAT4YZ2A6KOOIT4TNF2X4ML756YVEJ7BV34YC2A","Feb 3, 2022")	TBD	TBD	TBD	TBD	TBD	Clawback, Creator, Freeze, Manager, Reserve	=HYPERLINK("https://tinychart.org/asset/585221469","TinyChart")
=HYPERLINK("https://algoexplorer.io/asset/571576867","COSG")	=HYPERLINK("https://algoexplorer.io/asset/571576867","571576867")	TBD	=HYPERLINK("https://www.cosmicchamps.com/","Cosmic Gold")	=HYPERLINK("https://algoexplorer.io/tx/ZONUNNHC37I7XXYZLHNGXQQ5DBJBVJY47WQCA6UQZQXZLRWW2S4Q","Jan 28, 2022")	TBD	TBD	TBD	TBD	=HYPERLINK("https://www.cosmicchamps.com/#roadmap","Yes")	=HYPERLINK("https://algoexplorer.io/address/OAKHGK7IPSY7633IJ7PZADSNXU6K4FJFIHB7SEO2YQJYWLWOFGHT5MTALI","Creator")	Discord, Medium, LinkedIn, Reddit, Telegram, TinyChart, Twitter
=HYPERLINK("https://algoexplorer.io/asset/281003266","CoupðŸŽ«")	=HYPERLINK("https://algoexplorer.io/asset/281003266","281003266")	TBD	=HYPERLINK("https://www.algochainnft.com/grocery","NFT Grocery Store Coupon")	=HYPERLINK("https://algoexplorer.io/tx/BT5CTSFOXJBTHISCB3G2HREHQR6X2F4JZE2TVMPQRIWSS65GSFGA","July 20, 2021")	TBD	TBD	TBD	TBD	TBD	Clawback, Creator, Freeze, Reserve, Manager	Discord, Email, Reddit, Telegram, TinyChart, Twitter
=HYPERLINK("https://algoexplorer.io/asset/498684064","CRSD")	=HYPERLINK("https://algoexplorer.io/asset/498684064","435335235")	TBD	=HYPERLINK("https://crescendocrypto.xyz/","Crescendo")	=HYPERLINK("https://algoexplorer.io/tx/IDNR56RM2N7NBTLCMPU6P5FSQQR2OYQOKNS52FXG67RKYK3MSZNA","Nov 21, 2021")	TBD	TBD	TBD	=HYPERLINK("https://crescendocrypto.xyz/whitepaper","Yes")	=HYPERLINK("https://crescendocrypto.xyz/roadmap","Yes")	Creator, Manager, Reserve	Discord, Ecosystem, Reddit, TinyChart, Twitter
=HYPERLINK("https://algoexplorer.io/asset/511491168","Cujo")	=HYPERLINK("https://algoexplorer.io/asset/511491168","511491168")	TBD	=HYPERLINK("https://thecujo.com/","Cujo Token")	=HYPERLINK("https://algoexplorer.io/tx/UAX7QJCDTF766RYQ64VT4KPWIQ7PHOL2YQBJ2GVMQHDYR3IUI5OA","Dec 29, 2021")	TBD	TBD	TBD	=HYPERLINK("https://thecujo.com/legal%2Fwhitepaper","Yes")	=HYPERLINK("https://thecujo.com/road-map%2Ftokenomics","Yes")	Creator, Manager, Reserve	Discord, Reddit, TinyChart, Twitter
=HYPERLINK("https://algoexplorer.io/asset/319473667","CURATOR")	=HYPERLINK("https://algoexplorer.io/asset/319473667","319473667")	TBD	=HYPERLINK("https://www.algocurator.com/","Algo Curator")	=HYPERLINK("https://algoexplorer.io/tx/RJ46X4DX6FMYH2WWCFYU3L46AIZLDJRQOBAC4VH63C33MY4VNWWQ","Sep 2, 2021")	TBD	TBD	TBD	=HYPERLINK("https://www.algocurator.com/litepaper","Yes")	=HYPERLINK("https://www.algocurator.com/litepaper","Yes")	Creator, Manager, Reserve	Discord, Ecosystem, TinyChart, Twitter
=HYPERLINK("https://algoexplorer.io/asset/601894079","DC")	=HYPERLINK("https://algoexplorer.io/asset/601894079","601894079")	TBD	Dark Coin	=HYPERLINK("https://algoexplorer.io/tx/LPXL7GE6XDVUQTIXRHNWJHFXWSQARK7TAZHEGDVF2UNMA534SMRA","Feb 12, 2022")	TBD	TBD	TBD	TBD	TBD	Creator, Manager	=HYPERLINK("https://tinychart.org/asset/601894079","TinyChart")
=HYPERLINK("https://algoexplorer.io/asset/470842789","DEFLY")	=HYPERLINK("https://algoexplorer.io/asset/470842789","470842789")	Yes	=HYPERLINK("https://defly.app/","Defly")	=HYPERLINK("https://algoexplorer.io/tx/UFP5LA5TUUMVCG3RBJM2GV5FVNHHU7H2MAHTR63DTIOXQZB3ZHHA","Dec 17, 2021")	CEO, Co-Founder, Founder, Founder	=HYPERLINK("https://algorand.foundation/grants-program/grant-awardees","Awarded")	TBD	TBD	=HYPERLINK("https://defly.app/","Yes")	Creator, Manager, Reserve	Discord, Ecosystem, LinkedIn, Tinychart, Twitter
=HYPERLINK("https://algoexplorer.io/asset/391379500","DPANDA")	=HYPERLINK("https://algoexplorer.io/asset/391379500","391379500")	TBD	=HYPERLINK("https://dopepanda.org/","Dope Panda")	=HYPERLINK("https://algoexplorer.io/tx/XU5PCQ7BCK3X4TUC77UCYHZ53UUIXAKNFZKVB6UB75K7JABZ6HLA","Oct 31, 2021")	TBD	=HYPERLINK("https://algorand.foundation/grants-program/grant-awardees","Awarded")	TBD	=HYPERLINK("https://docsend.com/view/w8bivjdueavgce9h","Yes")	=HYPERLINK("https://dopepanda.org/","Yes")	Creator, Manager, Reserve	Discord, Email, Reddit, Tinychart, Telegram
=HYPERLINK("https://algoexplorer.io/asset/591601798","FIGHT")	=HYPERLINK("https://algoexplorer.io/asset/591601798","591601798")	TBD	=HYPERLINK("https://www.fightingfish.io/","Fight Token")	=HYPERLINK("https://algoexplorer.io/tx/MK3EWSBHNUEV3UKN37HEAVAH5TQ6ZUPYBUUOM6YUR6W3XGTV6EBQ","Feb 7, 2022")	Creative Founder, Technical Founder	TBD	TBD	TBD	=HYPERLINK("https://docs.fightingfish.io/roadmap","Yes")	Creator, Manager, Reserve	Discord, TinyChart
=HYPERLINK("https://algoexplorer.io/asset/393155456","FISH")	=HYPERLINK("https://algoexplorer.io/asset/393155456","393155456")	TBD	=HYPERLINK("https://cleanoceantoken.org/","Clean Ocean")	=HYPERLINK("https://algoexplorer.io/tx/VUD2BIO4WL37SVKIDNWYJ3SIGGW2TDV6CEI3PLIE4YFOXZXJLSZQ","Nov 1, 2021")	TBD	TBD	TBD	TBD	=HYPERLINK("https://cleanoceantoken.org/roadmap","Yes")	Creator, Manager, Reserve	Discord, Facebook, Instagram, Reddit, TinyChart, Twitter
=HYPERLINK("https://algoexplorer.io/asset/406383570","FLAMINGO")	=HYPERLINK("https://algoexplorer.io/asset/406383570","406383570")	TBD	Flamingo Coin	=HYPERLINK("https://algoexplorer.io/tx/HCTN23QWWCS3MU7XI3XBCMZ2KGJOFJ4OY2UCH5LCCLFTLCULN5OQ","Nov 8, 2021")	TBD	TBD	TBD	TBD	TBD	Creator, Manager, Reserve	Discord, Reddit, TinyChart
=HYPERLINK("https://algoexplorer.io/asset/547405153","FMA")	=HYPERLINK("https://algoexplorer.io/asset/547405153","547405153")	TBD	=HYPERLINK("https://fairmeme.org/","FairMeme")	=HYPERLINK("https://algoexplorer.io/tx/AGSQUAXVTIVCQZB5ZTAQF6HYOQ32FLTILW6CLQL4LZ6BZRPRHVYQ","Jan 16, 2022")	TBD	TBD	TBD	=HYPERLINK("https://fairmeme.org/","Yes")	=HYPERLINK("https://www.aduckcoin.com/","Yes")	Creator, Freeze, Manager, Reserve	Discord, Ecosystem, GitHub, Medium, Telegram, TinyChart, Twitter
GARD	TBD	TBD	=HYPERLINK("https://www.algogard.com/","GARD")	TBD	Founder & CEO, Co-Founder & Technical Lead, Co-Founder & COO	TBD	=HYPERLINK("https://www.crunchbase.com/organization/tapera-inc","Registered")	=HYPERLINK("https://www.algogard.com/white-paper.pdf","Yes")	=HYPERLINK("https://www.algogard.com/#roadmap","Yes")	TBD	Discord, Ecosystem, GitHub, Medium, Reddit, Twitter
=HYPERLINK("https://algoexplorer.io/asset/230946361","GEMS")	=HYPERLINK("https://algoexplorer.io/asset/230946361","230946361")	Yes	=HYPERLINK("https://algogems.io/","AlgoGems")	=HYPERLINK("https://algoexplorer.io/tx/XDRONYWGKBPYHG2VAYL5PFFYUDXN2DIXXP4MAMRD6ZZHDT6TS4NA","June 1, 2021")	=HYPERLINK("https://www.linkedin.com/in/wilder-stubbs-536498229/","CMO")	=HYPERLINK("https://algorand.foundation/grants-program/grant-awardees","Awarded")	TBD	TBD	=HYPERLINK("https://algogemsnft.github.io/#/","Yes")	Burn, Creator, Manager, Reserve	Ecosystem, GitHub, Instagram, Medium, Reddit, Telegram, Tinychart, Twitter
=HYPERLINK("https://algoexplorer.io/asset/568835243","GoAlgo")	=HYPERLINK("https://algoexplorer.io/asset/568835243","568835243")	TBD	=HYPERLINK("https://www.algobrix.life/","LegoMyAlgo")	=HYPERLINK("https://algoexplorer.io/tx/4KGMEGKPWTZ6YZFWU4NT4J2N5QRMIUH5F67ILOPGPK6TMFGA5LVQ","Jan 27, 2022")	TBD	TBD	TBD	TBD	TBD	=HYPERLINK("https://algoexplorer.io/address/3TP2TPO5MORR2TIBXPI4BNIVZCTISNOZTH2NVL566BPMUAMJCF5NYF66GE","Creator")	Discord, Telegram, TinyChart, Twitter
=HYPERLINK("https://algoexplorer.io/asset/386192725","goBTC")	=HYPERLINK("https://algoexplorer.io/asset/386192725","386192725")	TBD	=HYPERLINK("https://www.algomint.io/","AlgoMint")	=HYPERLINK("https://algoexplorer.io/tx/NAT7NW4RA2SMTBOG5PKWWYSBNT2GTG5HBZDEI2HGTWVG3FQFRGGA","Oct 27, 2021")	Backend Software Engineer, Co-Founder, Co-Founder, CTO, CTO, COO, Software Engineer	=HYPERLINK("https://algorand.foundation/grants-program/grant-awardees","Awarded")	=HYPERLINK("https://www.crunchbase.com/organization/algomint","Registered")	=HYPERLINK("https://assets.website-files.com/622809ce00daec36f1c8c919/62413344b4f44a025ebb4867_Litepaper.%20Algomint_%20The%20Cross-Chain%20Liquidity%20Network.pdf","Yes")	=HYPERLINK("https://medium.com/algomint/algomint-2nd-feb-ama-roadmap-incentive-program-and-token-listing-81ce6af1047","Yes")	Creator, Manager, Reserve	Discord, Ecosystem, Gitbook, LinkedIn, Medium, Reddit, Tinychart, Twitter
=HYPERLINK("https://algoexplorer.io/asset/386195940","goETH")	=HYPERLINK("https://algoexplorer.io/asset/386195940","386195940")	TBD	=HYPERLINK("https://www.algomint.io/","AlgoMint")	=HYPERLINK("https://algoexplorer.io/tx/7AKZ6B5LY7WGHII547CH7KZZMBIH4JQDW6SGAZPNMTVFZJJSXM5Q","Oct 27, 2021")	Backend Software Engineer, Co-Founder, Co-Founder, CTO, CTO, COO, Software Engineer	=HYPERLINK("https://algorand.foundation/grants-program/grant-awardees","Awarded")	=HYPERLINK("https://www.crunchbase.com/organization/algomint","Registered")	=HYPERLINK("https://assets.website-files.com/622809ce00daec36f1c8c919/62413344b4f44a025ebb4867_Litepaper.%20Algomint_%20The%20Cross-Chain%20Liquidity%20Network.pdf","Yes")	=HYPERLINK("https://medium.com/algomint/algomint-2nd-feb-ama-roadmap-incentive-program-and-token-listing-81ce6af1047","Yes")	Creator, Manager, Reserve	Discord, Ecosystem, Gitbook, LinkedIn, Medium, Reddit, Tinychart, Twitter
=HYPERLINK("https://algoexplorer.io/asset/441139422","goMINT")	=HYPERLINK("https://algoexplorer.io/asset/441139422","441139422")	TBD	=HYPERLINK("https://www.algomint.io/","AlgoMint")	=HYPERLINK("https://algoexplorer.io/tx/BQR3YBR5ZXW25IZKQHE24M43MTTPOKNCHHHEYY2ZPW6HIGYCDKWQ","Nov 5, 2021")	Backend Software Engineer, Co-Founder, Co-Founder, CTO, CTO, COO, Software Engineer	=HYPERLINK("https://algorand.foundation/grants-program/grant-awardees","Awarded")	=HYPERLINK("https://www.crunchbase.com/organization/algomint","Registered")	=HYPERLINK("https://assets.website-files.com/622809ce00daec36f1c8c919/62413344b4f44a025ebb4867_Litepaper.%20Algomint_%20The%20Cross-Chain%20Liquidity%20Network.pdf","Yes")	=HYPERLINK("https://medium.com/algomint/algomint-2nd-feb-ama-roadmap-incentive-program-and-token-listing-81ce6af1047","Yes")	Creator, Manager, Reserve	Discord, Ecosystem, Gitbook, LinkedIn, Medium, Reddit, Tinychart, Twitter
=HYPERLINK("https://algoexplorer.io/asset/403499324","GP")	=HYPERLINK("https://algoexplorer.io/asset/403499324","403499324")	TBD	=HYPERLINK("https://www.nexusasa.info/","Nexus")	=HYPERLINK("https://algoexplorer.io/tx/T2W3VF5TOP3N3EMMHYDFW4OE5XMAUQ7A7FVZZJCIWTDQ24DSCKZQ","Nov 7, 2021")	TBD	TBD	TBD	=HYPERLINK("https://www.nexusasa.info/white-paper","Yes")	TBD	Creator, Manager	Discord, Discord, Ecosystem, Ecosystem, Email, Reddit, TinyChart, Twitter
=HYPERLINK("https://algoexplorer.io/asset/137594422","HDL")	=HYPERLINK("https://algoexplorer.io/asset/137594422","137594422")	TBD	=HYPERLINK("https://www.headline.dev/","Headline")	=HYPERLINK("https://algoexplorer.io/tx/BL4AGVTAV37DPRV2J2NBKFIHUZD5UYBE6AOSH6OJPXGMQO7IGFFQ","Feb 25, 2021")	CEO, Senior Project Manager	TBD	=HYPERLINK("https://www.crunchbase.com/organization/headline-inc","Registered")	TBD	TBD	Creator, Manager, Reserve	Ecosystem, Email, GitHub, Reddit, Telegram, TinyChart Twitter
=HYPERLINK("https://algoexplorer.io/asset/567485181","LOUD")	=HYPERLINK("https://algoexplorer.io/asset/567485181","567485181")	TBD	=HYPERLINK("https://loudefi.com/","LOUDDeFi")	=HYPERLINK("https://algoexplorer.io/tx/PCLBXUNPA7LCZQJZX6D4ECKEKB52SLO265UI23DYSLSIABTXIGWQ","Jan 26, 2022")	TBD	TBD	TBD	TBD	=HYPERLINK("https://loudefi.com/roadmap/","Yes")	Creator, Manager, Reserve	Email, TinyChart, Twitter
=HYPERLINK("https://algoexplorer.io/asset/404044168","Nekos")	=HYPERLINK("https://algoexplorer.io/asset/404044168","404044168")	TBD	=HYPERLINK("https://www.nekoin.ai/","NEKOIN")	=HYPERLINK("https://algoexplorer.io/asset/404044168","Nov 7, 2021")	TBD	TBD	TBD	=HYPERLINK("https://nekoin.notion.site/nekoin/NEKOIN-Marketplace-Litepaper-ddea64d54769410091a02530fbd7b3b8","Yes")	=HYPERLINK("https://nekoin.notion.site/nekoin/NEKOIN-Marketplace-Litepaper-ddea64d54769410091a02530fbd7b3b8#056df1aca55c43c09bec7d1047d3c4b9","Yes")	Creator, Manager, Reserve	Discord, Email, Email, Medium, Reddit, TinyChart, Twitter
=HYPERLINK("https://algoexplorer.io/asset/455356741","NFT")	=HYPERLINK("https://algoexplorer.io/asset/455356741","455356741")	TBD	=HYPERLINK("https://polymeta.co/","NFTrade")	=HYPERLINK("https://algoexplorer.io/tx/G5EOYMHDKSPE535T6YINOLY3YJ4FS42D2WH6APTFEBPB3KJLUB3Q","Dec 4, 2021")	TBD	TBD	TBD	=HYPERLINK("https://polymeta.co/litepaper","Yes")	TBD	Creator, Manager, Reserve, Reserve, Vault	Discord, TinyChart Twitter
=HYPERLINK("https://algoexplorer.io/asset/571931588","NTR2")	=HYPERLINK("https://algoexplorer.io/asset/571931588","571931588")	TBD	=HYPERLINK("https://superalgorand.com/","Neutral Token")	=HYPERLINK("https://algoexplorer.io/tx/765E7RNJKHV5UVS267VAC2PYFQYQ57N4S4OHTXEYQ67AEMJP6MZA","Jan 28, 2022")	TBD	TBD	TBD	TBD	=HYPERLINK("https://www.neutraltoken.org/#roadmap","Yes")	Creator, Manager, Reserve	Discord, Ecosystem, Email, Reddit, Telegram, TinyChart, Twitter
=HYPERLINK("https://algoexplorer.io/asset/330168845","NURD")	=HYPERLINK("https://algoexplorer.io/asset/330168845","330168845")	TBD	=HYPERLINK("https://kryptonurd.com/","KryptoNurd")	=HYPERLINK("https://algoexplorer.io/tx/ZOHCZEQMNK32NTRA647RWU2SMY7X7IICPDOXQFCNIZS4MHDIESLA","Sep 12, 2021")	TBD	TBD	TBD	TBD	TBD	Creator, Manager, Reserve	Ecosystem, TinyChart, Twitter, YouTube
=HYPERLINK("https://algoexplorer.io/asset/613608234","OGS")	=HYPERLINK("https://algoexplorer.io/asset/613608234","613608234")	TBD	Orbital Gnome Strikers	=HYPERLINK("https://algoexplorer.io/tx/P5YO7KFJC6FF6Y6AN43HLK2BU25AQW4B5J24DDWFY33CVAOYQACQ","Feb 19, 2022")	TBD	TBD	TBD	TBD	TBD	Creator, Manager, Reserve	Discord, Reddit, TinyChart, Twitter
=HYPERLINK("https://algoexplorer.io/asset/287867876","OPUL")	=HYPERLINK("https://algoexplorer.io/asset/287867876","287867876")	Yes	=HYPERLINK("https://opulous.org/","Opulous")	=HYPERLINK("https://algoexplorer.io/tx/4B36G3L5SNELCSRTQNSY62Q2ZDLMMX3ZKVHIWOC33SMUIRF3DAZA","July 29, 2021")	Business Operations, CEO, Chief Investment Officer, Community Manager, CMO, Co-Founder & COO, CTO, Graphic & Motion Designer, Head of Artist Services, Head of Content, Head of Legal, Head of Social Media, Office Manager	TBD	=HYPERLINK("https://www.crunchbase.com/organization/opulous","Yes")	=HYPERLINK("https://opulous.org/Opulous.pdf","Yes")	=HYPERLINK("https://opulous.org/Opulous.pdf","Yes")	Creator, Manager, Reserve	Discord, Ecosystem, Email, Instagram, Medium, TinyChart, Twitter
=HYPERLINK("https://algoexplorer.io/asset/461849439","PARI")	=HYPERLINK("https://algoexplorer.io/asset/461849439","461849439")	TBD	=HYPERLINK("https://www.paritoken.com/","Pari")	=HYPERLINK("https://algoexplorer.io/tx/3ARO2XEEJIA5LCU35CLZQ472XQRB5D7LEZ6QRW3FTNQS5QBYM6VQ","Dec 10, 2021")	TBD	TBD	TBD	=HYPERLINK("https://www.paritoken.com/static/media/litepaper.7b7bf601.pdf","Yes")	=HYPERLINK("https://www.paritoken.com/","Yes")	Creator, Manager, Reserve	Telegram, TinyChart Twitter
=HYPERLINK("https://algoexplorer.io/asset/27165954","Planets")	=HYPERLINK("https://algoexplorer.io/asset/27165954","7165954")	Yes	=HYPERLINK("https://www.planetwatch.io/","PlanetWatch")	=HYPERLINK("https://algoexplorer.io/tx/G66KX3TLKXUI547DFB4MNVY7SJVADOJKGP4SWMRC632GFHSFX5KQ","Aug 27, 2020")	Air Quality Specialist, CEO & Founder, Community Manager, CTO & Founder, Data Scientist, Senior Software Engineer Team Lead	=HYPERLINK("https://algorand.foundation/grants-program/grant-awardees","Awarded")	=HYPERLINK("https://www.crunchbase.com/organization/planetwatch","Registered")	=HYPERLINK("https://www.planetwatch.io/white-paper/index-h5.html?page=1","Yes")	=HYPERLINK("https://www.planetwatch.io/technical-roadmap/","Yes")	Creator, Manager, Reserve	Discord, Instagram, LinkedIn, Medium, Telegram, Tinychart, Twitter, YouTube
=HYPERLINK("https://algoexplorer.io/asset/415045633","PRSC")	=HYPERLINK("https://algoexplorer.io/asset/415045633","415045633")	TBD	=HYPERLINK("https://prsc.app/","Parsec")	=HYPERLINK("https://algoexplorer.io/tx/2QSNSSCOGJBJQGUHB6HPN635KSZLWOVLHTRGT3XOCPEF3GCG7BNQ","Nov 12, 2021")	TBD	TBD	TBD	TBD	=HYPERLINK("https://prsc.app/roadmap/","Yes")	Creator, Manager, Reserve	Discord, Ecosystem, Reddit, TinyChart, Twitter
=HYPERLINK("https://algoexplorer.io/asset/394904431","Pup")	=HYPERLINK("https://algoexplorer.io/asset/394904431","394904431")	TBD	=HYPERLINK("https://algoranddoge.com/","AlgorandDoge")	=HYPERLINK("https://algoexplorer.io/tx/RJS5W6RSKHVZEK7QSDMD5XXPGSG2T67XRCILF7GCSQVBFF5GRLDQ","Nov 2, 2021")	TBD	TBD	TBD	=HYPERLINK("https://algoranddoge.com/litepaper/","Yes")	TBD	Creator, Manager	Discord, Email, Reddit, Telegram, Telegram, TinyChart, Twitter
=HYPERLINK("https://algoexplorer.io/asset/444568464","QUACK")	=HYPERLINK("https://algoexplorer.io/asset/444568464","444568464")	TBD	=HYPERLINK("https://www.aduckcoin.com/","Duckcoin")	=HYPERLINK("https://algoexplorer.io/tx/Z3XZFISC7SMNTGMYLLTBHT4EEJHRTFGPFBGJTCAFIYS7ZLPNKBYQ","Nov 27, 2021")	TBD	TBD	TBD	=HYPERLINK("https://www.aduckcoin.com/","Yes")	=HYPERLINK("https://www.aduckcoin.com/","Yes")	Creator, Manager, Reserve	Discord, Email, Instagram, Reddit, TinyChart, Twitter
=HYPERLINK("https://algoexplorer.io/asset/426980914","RCOIN")	=HYPERLINK("https://algoexplorer.io/asset/426980914","426980914")	TBD	=HYPERLINK("https://www.raptoreyenft.com/","Raptor Coin")	=HYPERLINK("https://algoexplorer.io/tx/5R5J43TE5KWM7WGTPTJSKYTXFAMIWYH2QT5DSB6LTXKIW27YBWZA","Nov 17, 2021")	TBD	TBD	TBD	=HYPERLINK("https://www.raptoreyenft.com/uploads/7/1/8/0/7180958/raptor_coin_green_paper_1.1.pdf","Yes")	=HYPERLINK("https://www.raptoreyenft.com/#roadmap","Yes")	Creator, Manager, Reserve	Discord, Ecosystem, TinyChart, Twitter
=HYPERLINK("https://algoexplorer.io/asset/575353596","Roo")	=HYPERLINK("https://algoexplorer.io/asset/575353596","575353596")	TBD	=HYPERLINK("https://wageroo.org/","Wageroo")	=HYPERLINK("https://algoexplorer.io/tx/XO6LYIPQDYYGJHTZF7ADBGEI5SMYDP3Z6EIUIMR2MWSEDHKWW5HQ","Jan 30, 2022")	TBD	TBD	TBD	TBD	=HYPERLINK("https://wageroo.org/roadmap","Yes")	Creator, Manager, Reserve	Reddit, Email, TinyChart
=HYPERLINK("https://algoexplorer.io/asset/569120128","SCOUT")	=HYPERLINK("https://algoexplorer.io/asset/569120128","569120128")	TBD	=HYPERLINK("https://algoscout.net/","AlgoScout")	=HYPERLINK("https://algoexplorer.io/tx/22UDETIGM32NIEZPXZAK6WLCKPZ5EJGJ6QX665EBZ3LKPOLRJD5A","Jan 27, 2022")	TBD	TBD	TBD	TBD	TBD	Creator, Manager, Reserve	Ecosystem, Telegram, Telegram, Tinychart, Twitter
=HYPERLINK("https://algoexplorer.io/asset/523605642","SEEDS")	=HYPERLINK("https://algoexplorer.io/asset/523605642","523605642")	TBD	=HYPERLINK("https://www.seed-bomb.com/","SeedBomb")	=HYPERLINK("https://algoexplorer.io/tx/Y4CC4ZHHVDEUODTPJG4LHZEVCWXLZHR6WUGUPMGRCPGLI4TB25VA","Jan 4, 2022")	TBD	TBD	TBD	=HYPERLINK("https://www.seed-bomb.com/_files/ugd/0f8988_c6c8d7b6679e4a61b65a6ee533b5e35f.pdf","Yes")	=HYPERLINK("https://www.seed-bomb.com/road-map","Yes")	Creator, Manager, Reserve	Ecosystem, Instagram, Reddit, TinyChart, Twitter
=HYPERLINK("https://algoexplorer.io/asset/300208676","SMILE")	=HYPERLINK("https://algoexplorer.io/asset/300208676","300208676")	TBD	=HYPERLINK("https://smilecoin.us/","Smile Coin")	=HYPERLINK("https://algoexplorer.io/tx/HUOWDOGMTM6RNAVPDJEN5WTIY4SEJ3ZCWECP6JZRCFS4WDK5AVYQ","Aug 11, 2021")	Co-Founder, Co-Founder, Co-Founder, Partnerships	=HYPERLINK("https://algorand.foundation/grants-program/grant-awardees","Awarded")	TBD	=HYPERLINK("https://smilecoin.us/smilecoin-lightpaper.pdf","Yes")	=HYPERLINK("https://smilecoin.us/smilecoin-roadmap.pdf","Yes")	Creator, Freeze, Manager, Reserve	Discord, Ecosystem, Medium, Reddit, Telegram, Tinychart, Twitter
=HYPERLINK("https://algoexplorer.io/asset/452047208","SOCKS")	=HYPERLINK("https://algoexplorer.io/asset/452047208","452047208")	TBD	=HYPERLINK("https://www.sockhodler.com/","SockHODLER")	=HYPERLINK("https://algoexplorer.io/tx/6L723HE3BKB7HMVXIZ6NJDQ5TBVV7MDEGAXLH3SDWJYOGKLXO7MQ","Dec 2, 2021")	TBD	=HYPERLINK("https://algorand.foundation/grants-program/grant-awardees","Awarded")	TBD	=HYPERLINK("https://sockhodler.gitbook.io/sockhodler-litepaper/","Yes")	TBD	Creator, Manager, Reserve	Discord, Ecosystem, Email, GitHub, Medium, Reddit, Tinychart, Twitter
=HYPERLINK("https://algoexplorer.io/asset/465865291","STBL")	=HYPERLINK("https://algoexplorer.io/asset/465865291","465865291")	TBD	=HYPERLINK("https://www.algofi.org/","Algofi")	=HYPERLINK("https://algoexplorer.io/tx/3CSLUK3YSCVYCW3EHNINRAELCRGSINPS2EKJF3RDKGKSOXL3I4DA","Dec 14, 2021")	Co-Founder, Co-Founder, Community Manager, Founding Engineer, Product Manager, Software Engineer	=HYPERLINK("https://algorand.foundation/grants-program/grant-awardees","Awarded")	=HYPERLINK("https://www.crunchbase.com/organization/algofi-15e3","Registered")	TBD	=HYPERLINK("https://blog.algofi.org/algofi-roadmap-update-dex-aeneas-rewards-nanoswap-bank-and-more-a3912874e097","Yes")	Creator, Manager, Reserve	Discord, Ecosystem, Email, GitHub, LinkedIn, Medium, Reddit, Telegram, Tinychart, Tinychart, Twitter
=HYPERLINK("https://algoexplorer.io/asset/511484048","STKE")	=HYPERLINK("https://algoexplorer.io/asset/511484048","511484048")	Yes	=HYPERLINK("https://algostake.org/","AlgoStake")	=HYPERLINK("https://algoexplorer.io/tx/URKH7L62WEJNHFXPM2AKSZFJW32SJ5LS22NU4JLG36AES55W6WCA","Dec 29, 2021")	=HYPERLINK("https://www.linkedin.com/in/scottnovell/","CEO/Dev/Product")	=HYPERLINK("https://discord.com/channels/929967283655303238/929967283655303241/933923732232220753","Applied")	Registered	=HYPERLINK("https://algostake.org/litepaper","Yes")	=HYPERLINK("https://algostake.org/roadmap","Yes")	Creator, Manager, Reserve	Discord, Ecosystem, Reddit, Tinychart, Twitter
=HYPERLINK("https://algoexplorer.io/asset/433379445","SUPER")	=HYPERLINK("https://algoexplorer.io/asset/433379445","433379445")	TBD	=HYPERLINK("https://superalgorand.com/","Super Algo Arcade")	=HYPERLINK("https://algoexplorer.io/tx/LXMAFX3THKUIIV7THLSJFGWUETSBHTZIWSGKLPBJJLO5VUV6VARA","Nov 21, 2021")	TBD	TBD	TBD	=HYPERLINK("https://superalgoarcade.com/wp-content/uploads/2022/02/SuperWhitePaper-2.pdf","Yes")	=HYPERLINK("https://superalgorand.com/token-info/","Yes")	Creator, Manager, Reserve	Discord, Ecosystem, Email, Reddit, TinyChart, Twitter,
=HYPERLINK("https://algoexplorer.io/asset/388502764","SVANSY")	=HYPERLINK("https://algoexplorer.io/asset/388502764","388502764")	TBD	=HYPERLINK("https://svansyvonswansea.com/","Svansy Coin")	=HYPERLINK("https://algoexplorer.io/tx/3KKMH72ZVGULOKZMSTEL2AYUJAPCEJNXNWYRXGDTCJ2JGTE2VSSA","Oct 29, 2021")	TBD	TBD	TBD	=HYPERLINK("https://www.raptoreyenft.com/uploads/7/1/8/0/7180958/raptor_coin_green_paper_1.1.pdf","Yes")	=HYPERLINK("https://www.raptoreyenft.com/#roadmap","Yes")	Creator, Manager, Reserve	Audius, Bandcamp, Discord, Ecosystem, Instagram, Reddit, SoundCloud, Telegram, TinyChart, Twitter, YouTube
=HYPERLINK("https://algoexplorer.io/asset/329110405","Tacos")	=HYPERLINK("https://algoexplorer.io/asset/329110405","329110405")	TBD	=HYPERLINK("https://www.dorastacos.com/","TacoCoin")	=HYPERLINK("https://algoexplorer.io/tx/RJE5HZOASAGB3GANNUBFUOQRAKJGAGT5VO5M66AMSRUOQERBHWXA","Sep 11, 2021")	TBD	TBD	TBD	TBD	=HYPERLINK("https://www.dorastacos.com/","Yes")	Creator, Manager, Reserve	Discord, Reddit, Telegram, TinyChart, Twitter
=HYPERLINK("https://algoexplorer.io/asset/421281844","TBOTS")	=HYPERLINK("https://algoexplorer.io/asset/421281844","421281844")	TBD	=HYPERLINK("https://tinybots.app/dapp/","TinyBots")	=HYPERLINK("https://algoexplorer.io/tx/XHP4PMGN7TUL5JA4G6MSSYNSRUAHTHA2HUVA2O2HV7CIKJSVTJCA","Nov 15, 2021")	TBD	TBD	TBD	TBD	TBD	Creator, Reserve, Manager	=HYPERLINK("https://tinychart.org/asset/421281844","TinyChart")
=HYPERLINK("https://algoexplorer.io/asset/378382099","TINY")	=HYPERLINK("https://algoexplorer.io/asset/378382099","378382099")	TBD	=HYPERLINK("https://tinychart.org/","TinyChart")	=HYPERLINK("https://algoexplorer.io/tx/HQJBMVTZNG27S3XQQ5Q5UA6EKPJAFFDKA2NAWSMGK3TE2VILSKDA","Oct 21, 2021")	Founder, Co-Founder	=HYPERLINK("https://algorand.foundation/grants-program/grant-awardees","Awarded")	TBD	TBD	=HYPERLINK("https://tinychart.org/about","Yes")	Creator, Manager, Reserve	Discord, Ecosystem, Email, GitHub, LinkedIn, Medium, Reddit, Tinychart, Twitter
=HYPERLINK("https://algoexplorer.io/asset/394014424","ToolsX")	=HYPERLINK("https://algoexplorer.io/asset/394014424","394014424")	TBD	=HYPERLINK("https://toolsx.org/","ToolsX")	=HYPERLINK("https://algoexplorer.io/tx/VDJW75CGRVSDWACDVSZZEVMYPC4BYALOMFJAA5OEJADWTZB5GZIQ","Nov 2, 2021")	TBD	TBD	TBD	=HYPERLINK("https://toolsx.org/ToolsX-White-Paper.pdf","Yes")	=HYPERLINK("https://toolsx.org/ToolsX-Roadmap.pdf","Yes")	Creator, Manager, Reserve	Discord, Email, Telegram, TinyChart, Twitter
=HYPERLINK("https://algoexplorer.io/asset/444108880","TREES")	=HYPERLINK("https://algoexplorer.io/asset/444108880","444108880")	TBD	=HYPERLINK("https://cryptotrees.earth/","CryptoTrees")	=HYPERLINK("https://algoexplorer.io/tx/CUP2X4C5MV6GSXORM7HFFTNVQ45VZVQPEVVBYU4L3VUAWWO3GPOA","Nov 27, 2021")	TBD	TBD	TBD	=HYPERLINK("https://cryptotrees.earth/whitepaper/","Yes")	=HYPERLINK("https://cryptotrees.earth/roadmap/","Yes")	Creator, Manager, Reserve	Discord, Ecosystem, Reddit, TinyChart, Twitter
=HYPERLINK("https://algoexplorer.io/asset/31566704","USDC")	=HYPERLINK("https://algoexplorer.io/asset/31566704","31566704")	TBD	=HYPERLINK("https://www.centre.io/usdc","USD Coin")	=HYPERLINK("https://algoexplorer.io/tx/UTXPSO7OSSQN6NFFI6QESOSMUGRMUMO7HVBMRTBTL6RLPFMUFWVQ","Sep 4, 2020")	Business Operations Manager, CEO, CCO, CRCO , COO, Director of Identity and Standards, Director, Alliance Development, EMEA Programs Director, Graduate Project Manager, Head of Business Development, Standards Coordinator	TBD	=HYPERLINK("https://www.crunchbase.com/organization/centre","Yes")	=HYPERLINK("https://f.hubspotusercontent30.net/hubfs/9304636/PDF/centre-whitepaper.pdf","Yes")	TBD	Creator, Freeze, Manager, Reserve	LinkedIn, TinyChart, Twitter
=HYPERLINK("https://algoexplorer.io/asset/509808838","WBLN")	=HYPERLINK("https://algoexplorer.io/asset/509808838","509808838")	TBD	=HYPERLINK("https://www.webblen.io/","Webblen")	=HYPERLINK("https://algoexplorer.io/tx/UQ3CBI4N3XPQW3IQLAD62U7GAWBBS67NNYJT5PG4267GA4LW7CQA","Dec 28, 2021")	Co-Founder / CEO, CTO, CMO, CRO, Lead Developer, COO	=HYPERLINK("https://algorand.foundation/grants-program/grant-awardees","Awarded")	=HYPERLINK("https://www.crunchbase.com/organization/webblen","Registered")	=HYPERLINK("https://uploads-ssl.webflow.com/5f6e2a062cd638f880f8ce94/60ca36eaf4bb134144698689_Webblen%20Whitepaper%20June%2021.pdf","Yes")	=HYPERLINK("https://www.webblen.io/company-overview","Yes")	Creator, Manager, Reserve	Discord, Discord, Ecosystem, Facebook, Instagram, LinkedIn, Medium, Reddit, Telegram, Tinychart, Twitter, YouTube
=HYPERLINK("https://algoexplorer.io/asset/283820866","XET")	=HYPERLINK("https://algoexplorer.io/asset/283820866","283820866")	TBD	=HYPERLINK("https://www.xfinite.io/","Xfinite")	=HYPERLINK("https://algoexplorer.io/tx/JYQ3Z3GBX475IMIPXOAJGB54O6XRY3YP2W3H75ZQP3PNKTQDIJWQ","July 23, 2021")	Blockchain Architect, Blockchain Engineer, Chief Ecosystem Officer, CEO, Head of Communications, Head of Product, Lead Blockchain Architect, Manager UI/UX	=HYPERLINK("https://algorand.foundation/grants-program/grant-awardees","Awarded")	=HYPERLINK("https://www.crunchbase.com/organization/xfinite","Registered")	=HYPERLINK("https://www.xfinite.io/lite-paper/","Yes")	=HYPERLINK("https://www.xfinite.io/roadmap/","Yes")	Creator, Manager	Discord, Ecosystem, Facebook, Instagram, LinkedIn, Medium, Telegram, Tinychart, Twitter
=HYPERLINK("https://algoexplorer.io/asset/607591690","XGLI")	=HYPERLINK("https://algoexplorer.io/asset/607591690","607591690")	TBD	=HYPERLINK("https://glitter.finance/","Glitter Finance")	=HYPERLINK("https://algoexplorer.io/tx/N5LWFVYPXDL3XQNMPGWQFQTRHKOZUVTGPIBEE2TKG6MS4ECX6OBA","Feb 15, 2022")	Chief Operational Officer, Chief Strategy Officer, Executive Assistant, Founder & CEO, Frontend Solutions Developer, Management Director, Marketing Manager, Software Engineer, Principal Software Engineer, Product Manager & Head of Tokenomics	TBD	=HYPERLINK("https://www.crunchbase.com/organization/glitter-finance","Yes")	=HYPERLINK("https://drive.google.com/file/d/1n9t700Om9ekqpFlvH6rpg_vud3_oTkhd/view?usp=sharing","Yes")	=HYPERLINK("https://glitter.finance/","Roadmap")	Clawback, Creator, Freeze, Manager, Reserve	Discord, Facebook, GitHub, Instagram, LinkedIn, Medium, Telegram, Tinychart, Twitter, YouTube
=HYPERLINK("https://algoexplorer.io/asset/226701642","YLDY")	=HYPERLINK("https://algoexplorer.io/asset/226701642","226701642")	Yes	=HYPERLINK("https://yieldly.finance/","Yieldly")	=HYPERLINK("https://algoexplorer.io/tx/BBKFIIT3UPGVCJE26TFF6NVK47WKRF3MNXD6BK7W5TDNJQ5GDQEA","May 24, 2021")	Co-Founder | CEO, COO, Communications, Head of Esports, Head of Marketing, Operations Manager, Social Media Manager	TBD	=HYPERLINK("https://www.crunchbase.com/organization/yieldly","Registered")	TBD	=HYPERLINK("https://yieldly.finance/","Yes")	Creator, Manager	Discord, Ecosystem, GitHub, LinkedIn, Medium, Reddit, Tinychart, Twitter
=HYPERLINK("https://algoexplorer.io/asset/317670428","ZENI")	=HYPERLINK("https://algoexplorer.io/asset/317670428","317670428")	TBD	=HYPERLINK("https://zenny.casino/","Zenny")	=HYPERLINK("https://algoexplorer.io/tx/A54UHINS4KTY5YSDE7SWHH5EGFLJLKSEYWMAGUQYK4VDK3UZGWOA","Sep 1, 2021")	TBD	TBD	TBD	TBD	TBD	Creator, Manager, Reserve	Discord, TinyChart, Twitter
=HYPERLINK("https://algoexplorer.io/asset/444035862","ZONE")	=HYPERLINK("https://algoexplorer.io/asset/444035862","444035862")	TBD	=HYPERLINK("https://www.zone.game/","Zone")	=HYPERLINK("https://algoexplorer.io/tx/HI45MNGKSD7XBNDASHR32ETCBF33MCDJFWOTGT3RGWHYRQWMDKVQ","Nov 27, 2021")	CTO, Founder & CEO, Graphic Designer, Head of Operations, Lead Operations Head, Lead Operations Manager, Technical Writer, UX/UI Designer, UX/UI Designer	TBD	=HYPERLINK("https://www.crunchbase.com/organization/zone-af6d","Registered")	=HYPERLINK("https://docsend.com/view/j22evyxhdhc78d3w","Yes")	=HYPERLINK("https://docs.zone.game/roadmap","Yes")	Creator, Manager	Discord, Ecosystem, LinkedIn, Medium, Reddit, Tinychart, Twitter