"Name","Index","Verified","TX","% in Circ","Dly Users","Dly Uniq Sndrs","Dly Uniq Rcvrs","Dly Uniq Addrs","Ecosys Votes","Registered","Paper","Roadmap","Category","AlgoExplorer","Ecosystem","Burn Wallet","Clawback Wallet","Creator Wallet","Freeze Wallet","Manager Wallet","Reserve Wallet","Discord","Email","Github","LinkedIn","Medium","Reddit","Telegram","Tinychart","Twitter","Website"
"80Acres",555540865,"TBD","TBD","TBD","TBD","TBD","TBD","TBD","TBD","TBD",,,"TBD","https://algoexplorer.io/asset/555540865","TBD","TBD","TBD","https://algoexplorer.io/address/OCXJ7SGYP5TJXYEF537KYMXH7SAAAKDKXT5CTOXCE7L3OTZEFUVSOJNHNY","TBD","https://algoexplorer.io/address/OCXJ7SGYP5TJXYEF537KYMXH7SAAAKDKXT5CTOXCE7L3OTZEFUVSOJNHNY","https://algoexplorer.io/address/OCXJ7SGYP5TJXYEF537KYMXH7SAAAKDKXT5CTOXCE7L3OTZEFUVSOJNHNY","TBD","mailto:%20joseph@my80acres.com","TBD","TBD","TBD","TBD","TBD","https://tinychart.org/asset/555540865","TBD","https://www.my80acres.com/"
"Adventure Coin",426526699,"TBD","TBD","TBD","TBD","TBD","TBD","TBD","TBD","TBD",,,"TBD","https://algoexplorer.io/asset/426526699","TBD","TBD","TBD","https://algoexplorer.io/address/Q6SWLWIDONTVRORV2HLCJMZGSXSIXNPBHKYGRJ3FFZU5WTGTHNRT2I3MMU","TBD","https://algoexplorer.io/address/Q6SWLWIDONTVRORV2HLCJMZGSXSIXNPBHKYGRJ3FFZU5WTGTHNRT2I3MMU","https://algoexplorer.io/address/Q6SWLWIDONTVRORV2HLCJMZGSXSIXNPBHKYGRJ3FFZU5WTGTHNRT2I3MMU","TBD","TBD","TBD","TBD","TBD","https://www.reddit.com/r/AlgorandMagia/","TBD","https://tinychart.org/asset/426526699","https://twitter.com/algorand_magia","https://myadventure.games/"
"Aegir Tactics",453816186,"Yes",11370,21,929,8,17,23,13,"TBD",,"https://www.aegirtactics.com/roadmap","NFT Project,
Play-to-Earn","https://algoexplorer.io/asset/453816186","https://ecosystem.algorand.com/project/aegir-tactics","TBD","TBD","https://algoexplorer.io/address/TDRZOHTX4LFSYX3LUXL5WME47UUOUSAYHK4DL23B6R4OLAYJTYBJAGGNJI","TBD","https://algoexplorer.io/address/TDRZOHTX4LFSYX3LUXL5WME47UUOUSAYHK4DL23B6R4OLAYJTYBJAGGNJI","https://algoexplorer.io/address/TDRZOHTX4LFSYX3LUXL5WME47UUOUSAYHK4DL23B6R4OLAYJTYBJAGGNJI","https://discord.gg/K9sdhbUHPW","mailto:%20skjelstad@starsightlabs.com","TBD","TBD","TBD","TBD","TBD","https://tinychart.org/asset/453816186","https://twitter.com/starsightlabs","https://starsightlabs.com/"
"AIRSHO.io",457205263,"TBD","TBD","TBD","TBD","TBD","TBD","TBD","TBD","TBD","https://airsho.io/whitepaper","https://airsho.io/roadmap","Launchpad","https://algoexplorer.io/asset/457205263","https://ecosystem.algorand.com/project/aegir-tactics","TBD","TBD","https://algoexplorer.io/address/GFYGMWYE26GL7PWOR7ATA7CQL7OMA2HECESZC4N5A3MIA4TMXWW2RXUICI","TBD","https://algoexplorer.io/address/GFYGMWYE26GL7PWOR7ATA7CQL7OMA2HECESZC4N5A3MIA4TMXWW2RXUICI","https://algoexplorer.io/address/GFYGMWYE26GL7PWOR7ATA7CQL7OMA2HECESZC4N5A3MIA4TMXWW2RXUICI","https://discord.gg/dAxaj3nYpA","TBD","TBD","TBD","TBD","https://www.reddit.com/r/airsho/","TBD","https://tinychart.org/asset/457205263","https://twitter.com/airshoDOTio","https://airsho.io/"
"Akita Inu",523683256,"Yes",437316,100,14798,81,1209,1234,80,"TBD","https://akita.community/","https://akita.community/","NFT Project","https://algoexplorer.io/asset/523683256","https://ecosystem.algorand.com/project/akita-inu","TBD","TBD","https://algoexplorer.io/address/QUUQHH4HJ3FHUWMKTKFBUA72XTSW6F7YLLTRI7FWENJBKQYWTESSCZPQLU","TBD","https://algoexplorer.io/address/QUUQHH4HJ3FHUWMKTKFBUA72XTSW6F7YLLTRI7FWENJBKQYWTESSCZPQLU","https://algoexplorer.io/address/QUUQHH4HJ3FHUWMKTKFBUA72XTSW6F7YLLTRI7FWENJBKQYWTESSCZPQLU","https://discord.gg/SmMuHws8nT","TBD","TBD","TBD","TBD","https://reddit.com/r/AkitaInuASA/","TBD","https://tinychart.org/asset/523683256","https://twitter.com/AkitaInuASA","https://akita.community/"
"Al Goanna","TBD","TBD","TBD","TBD","TBD","TBD","TBD","TBD","TBD","https://www.crunchbase.com/organization/ai-goanna",,,"NFT Project","TBD","https://ecosystem.algorand.com/project/al-goanna","TBD","TBD","TBD","TBD","TBD","TBD","https://discord.gg/NzpWHu4nsz","TBD","TBD","TBD","TBD","TBD","https://t.me/algoanna","TBD","https://twitter.com/al_goanna","https://algoanna.com/"
"AlcheCoin",310014962,"TBD","TBD","TBD","TBD","TBD","TBD","TBD","TBD","TBD","https://alchemon.net/litepaper.html",,"TBD","https://algoexplorer.io/asset/310014962","TBD","TBD","TBD","https://algoexplorer.io/address/OJGTHEJ2O5NXN7FVXDZZEEJTUEQHHCIYIE5MWY6BEFVVLZ2KANJODBOKGA","TBD","https://algoexplorer.io/address/OJGTHEJ2O5NXN7FVXDZZEEJTUEQHHCIYIE5MWY6BEFVVLZ2KANJODBOKGA","https://algoexplorer.io/address/OJGTHEJ2O5NXN7FVXDZZEEJTUEQHHCIYIE5MWY6BEFVVLZ2KANJODBOKGA","https://discord.gg/qKtk4XGXyS","TBD","TBD","TBD","TBD","TBD","https://t.me/joinchat/WbyxkfAyJDZmMzE5","https://tinychart.org/asset/310014962","https://twitter.com/AlchemonNFT","https://alchemon.net/"
"ALGO AVOCADO",397111682,"TBD","TBD","TBD","TBD","TBD","TBD","TBD","TBD","TBD",,,"TBD","https://algoexplorer.io/asset/397111682","TBD","TBD","TBD","https://algoexplorer.io/address/TUYTHL7X4XJN7YOMUQNBHNOY32RMQ4BG3RIFJPRRRR3RLHGUU7QVM3KHFM","TBD","https://algoexplorer.io/address/TUYTHL7X4XJN7YOMUQNBHNOY32RMQ4BG3RIFJPRRRR3RLHGUU7QVM3KHFM","https://algoexplorer.io/address/TUYTHL7X4XJN7YOMUQNBHNOY32RMQ4BG3RIFJPRRRR3RLHGUU7QVM3KHFM","TBD","TBD","TBD","TBD","TBD","TBD","TBD","https://tinychart.org/asset/397111682","TBD",
"Algo Curator",319473667,"TBD","TBD","TBD","TBD","TBD","TBD","TBD","TBD","TBD","https://www.algocurator.com/litepaper","https://www.algocurator.com/litepaper","Art, Explorer, News Sharing,
Social Media","https://algoexplorer.io/asset/319473667","https://ecosystem.algorand.com/project/algo-curator","TBD","TBD","https://algoexplorer.io/address/F4G4UFVNE3TWNWNETAN4RZGRQIGBHJ4PLJDCN5QVPK2K4NBJRS3GUC6P3Y","TBD","https://algoexplorer.io/address/F4G4UFVNE3TWNWNETAN4RZGRQIGBHJ4PLJDCN5QVPK2K4NBJRS3GUC6P3Y","https://algoexplorer.io/address/F4G4UFVNE3TWNWNETAN4RZGRQIGBHJ4PLJDCN5QVPK2K4NBJRS3GUC6P3Y","https://discord.com/invite/N2uN4k3z7j","TBD","TBD","TBD","TBD","TBD","TBD","https://tinychart.org/asset/319473667","https://twitter.com/AlgoCurator","https://www.algocurator.com/"
"Algo Leagues",445905873,"TBD","TBD","TBD","TBD","TBD","TBD","TBD","TBD","TBD",,,"NFT Project","https://algoexplorer.io/asset/445905873","https://ecosystem.algorand.com/project/algo-leagues","TBD","TBD","https://algoexplorer.io/address/AALCLBZHQFU4WGR5P6ZV2PUIFMMGP3PBBBU2IQH7GTPWI2SX5TMPSTDZEE","TBD","https://algoexplorer.io/address/AALCLBZHQFU4WGR5P6ZV2PUIFMMGP3PBBBU2IQH7GTPWI2SX5TMPSTDZEE","https://algoexplorer.io/address/AALCLBZHQFU4WGR5P6ZV2PUIFMMGP3PBBBU2IQH7GTPWI2SX5TMPSTDZEE","https://discord.gg/CRp88tUwbw","TBD","TBD","TBD","TBD","TBD","TBD","https://tinychart.org/asset/445905873","TBD","https://www.algoleagues.com/"
"ALGO LITE",447852812,"TBD","TBD","TBD","TBD","TBD","TBD","TBD","TBD","TBD",,,"DAO, Governance, MetaVerse,
NFT Marketplace","https://algoexplorer.io/asset/447852812","https://ecosystem.algorand.com/project/algo-lite","TBD","TBD","https://algoexplorer.io/address/7EGM67Z3HQLLYRQUKXCJR3ITLX33BUQAQCRO63Q7EPRJ2W3LCFRQNUYNKM","TBD","https://algoexplorer.io/address/7EGM67Z3HQLLYRQUKXCJR3ITLX33BUQAQCRO63Q7EPRJ2W3LCFRQNUYNKM","https://algoexplorer.io/address/7EGM67Z3HQLLYRQUKXCJR3ITLX33BUQAQCRO63Q7EPRJ2W3LCFRQNUYNKM","TBD","TBD","TBD","TBD","TBD","TBD","TBD","https://tinychart.org/asset/447852812","TBD","https://algolitetoken.org/"
"AlgoBasics",615093377,"TBD","TBD","TBD","TBD","TBD","TBD","TBD","TBD","TBD",,,"TBD","https://algoexplorer.io/asset/615093377","TBD","TBD","https://algoexplorer.io/address/B3Q34A2II4FKQSDZ6P523PPBCEY7DKW7XFYD7MZE7R2LOK2BYUEAZY6BLM","https://algoexplorer.io/address/B3Q34A2II4FKQSDZ6P523PPBCEY7DKW7XFYD7MZE7R2LOK2BYUEAZY6BLM","https://algoexplorer.io/address/B3Q34A2II4FKQSDZ6P523PPBCEY7DKW7XFYD7MZE7R2LOK2BYUEAZY6BLM","https://algoexplorer.io/address/B3Q34A2II4FKQSDZ6P523PPBCEY7DKW7XFYD7MZE7R2LOK2BYUEAZY6BLM","https://algoexplorer.io/address/B3Q34A2II4FKQSDZ6P523PPBCEY7DKW7XFYD7MZE7R2LOK2BYUEAZY6BLM","TBD","TBD","TBD","TBD","TBD","TBD","TBD","https://tinychart.org/asset/615093377","TBD","https://community.algobasics.org/home"
"AlgoBasket",353409462,"TBD","TBD","TBD","TBD","TBD","TBD","TBD","TBD","TBD",,,"TBD","https://algoexplorer.io/asset/353409462","TBD","TBD","TBD","https://algoexplorer.io/address/Z63TUMFVZB3BEOCA7K4C27DH7P7OQ4LHISLRFXPV4M6AEFNMDAYAQ3BRRA","TBD","https://algoexplorer.io/address/Z63TUMFVZB3BEOCA7K4C27DH7P7OQ4LHISLRFXPV4M6AEFNMDAYAQ3BRRA","https://algoexplorer.io/address/Z63TUMFVZB3BEOCA7K4C27DH7P7OQ4LHISLRFXPV4M6AEFNMDAYAQ3BRRA","TBD","TBD","TBD","TBD","TBD","TBD","TBD","https://tinychart.org/asset/353409462","TBD","https://algobasket.io/"
"AlgOcean",409604194,"Yes",50458,12,3648,14,169,173,17,"TBD","https://www.algocean.org/about-us/whitepaper","https://www.algocean.org/about-us/roadmap","NFT Project,
Play-to-Earn,
Sports & Gaming","https://algoexplorer.io/asset/409604194","https://ecosystem.algorand.com/project/algocean","TBD","TBD","https://algoexplorer.io/address/AOCGODDFYTASGTNBRPVVQR6OI2QZZBXT7PBRRMTBI77FPYQY7YZSGWNPZM","TBD","https://algoexplorer.io/address/AOCGODDFYTASGTNBRPVVQR6OI2QZZBXT7PBRRMTBI77FPYQY7YZSGWNPZM","https://algoexplorer.io/address/AOCGODDFYTASGTNBRPVVQR6OI2QZZBXT7PBRRMTBI77FPYQY7YZSGWNPZM","https://discord.gg/PUuNCgyZB5","mailto:%20contact@algocean.org","https://github.com/AlgOcean","TBD","TBD","https://www.reddit.com/r/AlgOcean/","TBD","https://tinychart.org/asset/409604194","https://twitter.com/AlgOcean","https://www.algocean.org/"
"Algofi","TBD","TBD","TBD","TBD","TBD","TBD","TBD","TBD","TBD","https://www.crunchbase.com/organization/algofi-15e3",,"https://blog.algofi.org/algofi-roadmap-update-dex-aeneas-rewards-nanoswap-bank-and-more-a3912874e097","Defi","TBD","https://ecosystem.algorand.com/project/algofi","TBD","TBD","https://algoexplorer.io/address/3EPGHSNBBN5M2LD6V7A63EHZQQLATVQHDBYJQIZ6BLCBTIXA5XR7ZOZEB4","TBD","https://algoexplorer.io/address/3EPGHSNBBN5M2LD6V7A63EHZQQLATVQHDBYJQIZ6BLCBTIXA5XR7ZOZEB4","https://algoexplorer.io/address/OPY7XNB5LVMECF3PHJGQV2U33LZPM5FBUXA3JJPHANAG5B7GEYUPZJVYRE","https://discord.com/invite/YG9Zqay9tR","mailto:%20founders@algofi.org","https://github.com/Algofiorg","https://www.linkedin.com/company/algofiorg/","https://medium.com/@algofiorg","https://www.reddit.com/r/algofi/","https://t.me/algofi","https://tinychart.org/asset/469835031","https://twitter.com/algofiorg","https://www.algofi.org/"
"AlgoFund",463554836,"Yes",104523,31,3942,191,193,209,13158,"TBD","https://algofund.co/whitepaper.pdf","https://algofund.co/#roadmap","Launchpad","https://algoexplorer.io/asset/463554836","https://ecosystem.algorand.com/project/algofund","TBD","TBD","https://algoexplorer.io/address/ARX43T73PF6HBLYSGHEIGMD3W5V3D4WRSCVF27QKVN6I2OEGP5A5BYTMNY","TBD","https://algoexplorer.io/address/ARX43T73PF6HBLYSGHEIGMD3W5V3D4WRSCVF27QKVN6I2OEGP5A5BYTMNY","https://algoexplorer.io/address/ARX43T73PF6HBLYSGHEIGMD3W5V3D4WRSCVF27QKVN6I2OEGP5A5BYTMNY","TBD","mailto:%20contact@algofund.co","TBD","TBD","TBD","https://www.reddit.com/r/algofund/","https://t.me/algofundco","https://tinychart.org/asset/463554836","https://www.twitter.com/algofundco","https://algofund.co/"
"AlgoGems",230946361,"Yes",478596,100,96902,216,233,426,41,"TBD",,"https://algogemsnft.github.io/#/","Analytics, Art, DAO, Explorer,
Governance, NFT Artist,
NFT Marketplace,
NFT Project, Services Provider","https://algoexplorer.io/asset/230946361","https://ecosystem.algorand.com/project/algogems","https://algoexplorer.io/address/BURNGTBXG7JAOMJ2NZGU2ZZDVSLUIA2DXJ2YUAVWFF7WNOXNC4WZGQ72IQ","TBD","https://algoexplorer.io/address/5XU7ASL2PLB2C43N6JNFPMSXGATO2VIVNF7X6NTJ4BRCCKRGETEYS3LOAQ","TBD","https://algoexplorer.io/address/VEA7GGLAVX2KI4UVAN6IG44PP5YWGL7F3NIJHO54ASX53WYKJHOFJQZEQA","https://algoexplorer.io/address/5XU7ASL2PLB2C43N6JNFPMSXGATO2VIVNF7X6NTJ4BRCCKRGETEYS3LOAQ","TBD","TBD","https://algogemsnft.github.io/#/","TBD","https://algogems.medium.com/","https://www.reddit.com/r/Algogems/","https://t.me/joinchat/ZQ4Caiu3T5o5NGI8","https://tinychart.org/asset/230946361","https://twitter.com/AlgogemsNFT","https://acorntoken.xyz/"
"AlgoMint",441139422,"TBD","TBD","TBD","TBD","TBD","TBD","TBD","TBD","https://www.crunchbase.com/organization/algomint","https://assets.website-files.com/622809ce00daec36f1c8c919/62413344b4f44a025ebb4867_Litepaper.%20Algomint_%20The%20Cross-Chain%20Liquidity%20Network.pdf","https://medium.com/algomint/algomint-2nd-feb-ama-roadmap-incentive-program-and-token-listing-81ce6af1047","Infrastructure","https://algoexplorer.io/asset/441139422","https://ecosystem.algorand.com/project/algomint","TBD","TBD","https://algoexplorer.io/address/ETGSQKACKC56JWGMDAEP5S2JVQWRKTQUVKCZTMPNUGZLDVCWPY63LSI3H4","TBD","https://algoexplorer.io/address/PXLRHMSOTI5LDPRNMMM5F4NDPLCBTHNDLLSZSWFU722PNPMNKBZ2V3ONT4","https://algoexplorer.io/address/ETGSQKACKC56JWGMDAEP5S2JVQWRKTQUVKCZTMPNUGZLDVCWPY63LSI3H4","https://discord.gg/sZePfSkxg3","TBD","TBD","https://www.linkedin.com/company/algomint/","https://medium.com/algomint","https://www.reddit.com/r/Algomint/","TBD","https://tinychart.org/asset/441139422","https://twitter.com/algorandcasino","https://www.algomint.io/"
"Algoneer",305992851,"Yes",26757,40,4069,"TBD","TBD","TBD",3,"TBD",,,"Infrastructure,
Portfolio Management Tools,
Services Provider","https://algoexplorer.io/asset/305992851","https://ecosystem.algorand.com/project/algoneer","TBD","TBD","https://algoexplorer.io/address/6PID3QY44COGICDIVGKB4ZV5B46TWLGLFAXR3R6VH4H54QAQJ3RGR6IMNQ","TBD","https://algoexplorer.io/address/LMJF57GIOO7ZD2ZUDOU46TX7HS2WY6IDGC6Z2ABVJGQCL7YXUMIYIMV6JQ","https://algoexplorer.io/address/BPP5QOHLH2ORJLKPF63EWUJHSDJOG4AVHVZH3UYHTTE6OCXHOX3BT3BERY","https://discord.gg/8umg9XWQda","TBD","https://github.com/paxsomnius/Algoneer-ASA","TBD","TBD","https://www.reddit.com/r/algoneer/","TBD","https://tinychart.org/asset/305992851","TBD","https://www.algoneer.net/"
"AlgoNode","TBD","TBD","TBD","TBD","TBD","TBD","TBD","TBD","TBD","TBD",,,"Infrastructure,
Services Provider","TBD","https://ecosystem.algorand.com/project/algonodeio","TBD","TBD","TBD","TBD","TBD","TBD","https://discord.gg/uyMKGZH268","mailto:%20support@algonode.io","https://github.com/algonode","TBD","TBD","TBD","https://t.me/AlgoNode","TBD","https://twitter.com/AlgoNode_io","https://algonode.io/"
"AlgoNuts",226265212,"TBD","TBD","TBD","TBD","TBD","TBD","TBD","TBD","TBD",,,"TBD","https://algoexplorer.io/asset/226265212","TBD","TBD","TBD","https://algoexplorer.io/address/KB6GKVGEYDPOCSPKHFOMUFJCXPHEWFPT2KAGWB3QYUMWPLGLMYUUNOVJRA","TBD","https://algoexplorer.io/address/KB6GKVGEYDPOCSPKHFOMUFJCXPHEWFPT2KAGWB3QYUMWPLGLMYUUNOVJRA","https://algoexplorer.io/address/GOGC4QDPXDK3WEVO2BYBS3LGSMTWDMQHDOO5KRJ7HLT6HDMI5FX7MLUMRA","https://discord.gg/GJFXDA64Rk","mailto:%20algosquirrel@acorntoken.xyz","TBD","TBD","TBD","TBD","TBD","https://tinychart.org/asset/226265212","TBD","https://acorntoken.xyz/"
"Algorand Casino",388592191,"TBD","TBD","TBD","TBD","TBD","TBD","TBD","TBD","TBD",,"https://algo-casino.com/road-map/","Sports & Gaming","https://algoexplorer.io/asset/388592191","https://ecosystem.algorand.com/project/algorand-casino","TBD","TBD","TBD","TBD","https://algoexplorer.io/address/ZCG3G65JJJ24GQQP2DWLA34J3TMHEXATMUOOGM2SBGIPMI7HAIOTAPWLIA","https://algoexplorer.io/address/ZCG3G65JJJ24GQQP2DWLA34J3TMHEXATMUOOGM2SBGIPMI7HAIOTAPWLIA","https://discord.gg/gKvnrhaZQ9","TBD","TBD","https://www.linkedin.com/company/algorand-casino/","TBD","https://www.reddit.com/r/algorandcasino/","TBD","TBD","https://twitter.com/algorandcasino","https://algo-casino.com/"
"Algorand Faucet
Drops",393495312,"TBD","TBD","TBD","TBD","TBD","TBD","TBD","TBD","TBD","https://github.com/thebigbangflash/TheAlgoFaucet/blob/main/Whitepaper.md",,"Governance,
Services Provider","https://algoexplorer.io/asset/393495312","https://ecosystem.algorand.com/project/the-algo-faucet","TBD","TBD","https://algoexplorer.io/address/FAUC7F2DF3UGQFX2QIR5FI5PFKPF6BPVIOSN2X47IKRLO6AMEVA6FFOGUQ","TBD","TBD","https://algoexplorer.io/address/FAUC7F2DF3UGQFX2QIR5FI5PFKPF6BPVIOSN2X47IKRLO6AMEVA6FFOGUQ","https://discord.gg/NwWtYJ2pNj","TBD","TBD","TBD","TBD","TBD","TBD","https://tinychart.org/asset/393495312","https://twitter.com/TheAlgoFaucet","http://thealgofaucet.com/"
"Algogator.Finance","TBD","TBD","TBD","TBD","TBD","TBD","TBD","TBD","TBD","TBD","TBD","TBD","TBD","TBD","https://ecosystem.algorand.com/project/algogatorfinance","TBD","TBD","TBD","TBD","TBD","TBD","https://discord.gg/rpvAQkyCHv","TBD","TBD","TBD","https://medium.com/@xxiled_plastic_cat","TBD","TBD","TBD","https://twitter.com/TeamAlgogator","https://algogator.finance/"
"AlgorandDoge",394904431,"TBD","TBD","TBD","TBD","TBD","TBD","TBD","TBD","TBD","https://algoranddoge.com/litepaper/",,"TBD","https://algoexplorer.io/asset/394904431","TBD","TBD","TBD","https://algoexplorer.io/address/Y4FSJDXLXENJG656LZM63Q32UKRWVCXWWYN3EZCWWNXELF3WENZBF2DXBU","TBD","https://algoexplorer.io/address/Y4FSJDXLXENJG656LZM63Q32UKRWVCXWWYN3EZCWWNXELF3WENZBF2DXBU","TBD","https://discord.gg/D4JJj7b2cV","mailto:%20AlgorandDogeOfficial@protonmail.com","TBD","TBD","TBD","https://www.reddit.com/r/AlgorandDogeOfficial/","https://t.me/AlgorandDoge","https://tinychart.org/asset/394014424","https://twitter.com/AlgorandDoge","https://algoranddoge.com/"
"ALGore",227358511,"TBD","TBD","TBD","TBD","TBD","TBD","TBD","TBD","TBD",,,"TBD","https://algoexplorer.io/asset/227358511","TBD","TBD","TBD","https://algoexplorer.io/address/4ABSND2XSRA7HXKGXS6B5HKBQKGMWIMYRWZ5SH35AMO5USCPWQGI6NU34U","TBD","https://algoexplorer.io/address/4ABSND2XSRA7HXKGXS6B5HKBQKGMWIMYRWZ5SH35AMO5USCPWQGI6NU34U","https://algoexplorer.io/address/4ABSND2XSRA7HXKGXS6B5HKBQKGMWIMYRWZ5SH35AMO5USCPWQGI6NU34U","TBD","TBD","TBD","TBD","TBD","TBD","TBD","https://tinychart.org/asset/227358511","TBD",
"AlgoScout",569120128,"Yes",290371,98,3903,50,1854,1861,10,"TBD",,,"Block Explorer,
Defi, Explorer","https://algoexplorer.io/asset/569120128","https://ecosystem.algorand.com/project/algoscout","TBD","TBD","https://algoexplorer.io/address/EUTCNLFQVWU6VKWEAISWUQZKWRAMEUEZ3W5HO4QSCBCG2OEN4ANCAONMXU","TBD","https://algoexplorer.io/address/EUTCNLFQVWU6VKWEAISWUQZKWRAMEUEZ3W5HO4QSCBCG2OEN4ANCAONMXU","https://algoexplorer.io/address/BURN7M6W62B5F2VCVSNKOBJM2LUGEL4YHHVK4EUWPJJPONHZLBXC7JI77Q","TBD","TBD","TBD","TBD","TBD","TBD","https://t.me/AlgoScoutGroup","https://tinychart.org/asset/569120128","https://twitter.com/AlgoScout","https://algoscout.net/"
"AlgoStake",511484048,"Yes",750893,15,8407,174,1629,1647,48,"https://www.bizapedia.com/ca/algostake-llc.html","https://algostake.org/litepaper","https://algostake.org/roadmap","Defi, Infrastructure","https://algoexplorer.io/asset/511484048","https://ecosystem.algorand.com/project/algostake","https://algoexplorer.io/address/SSV6SKTMN3IOJO6SWUAT5ERZOBC5K44CQPOH5O7NSXJLGFGU73WUQ7DPGA","TBD","https://algoexplorer.io/address/SSV6SKTMN3IOJO6SWUAT5ERZOBC5K44CQPOH5O7NSXJLGFGU73WUQ7DPGA","TBD","https://algoexplorer.io/address/SSV6SKTMN3IOJO6SWUAT5ERZOBC5K44CQPOH5O7NSXJLGFGU73WUQ7DPGA","https://algoexplorer.io/address/SSV6SKTMN3IOJO6SWUAT5ERZOBC5K44CQPOH5O7NSXJLGFGU73WUQ7DPGA","https://discord.gg/fedWxD3hX5","TBD","TBD","TBD","TBD","https://www.reddit.com/r/AlgoStake/","TBD","https://tinychart.org/asset/511484048","https://twitter.com/algo_stake","https://algostake.org/"
"AlgoVegas Casino
Token",540605589,"TBD","TBD","TBD","TBD","TBD","TBD","TBD","TBD","TBD","https://algovegas.com/algovegas-whitepaper.pdf","https://algo-casino.com/road-map/","Play-to-Earn,
Sports & Gaming","https://algoexplorer.io/asset/540605589","https://ecosystem.algorand.com/project/algovegas","TBD","TBD","https://algoexplorer.io/address/VEGASPDWGUX2KTFFJFVZ6IE7TPSY4NVFVOKHXZGBBERXNF3JOWOZB2PZPU","TBD","TBD","https://algoexplorer.io/address/VEGASPDWGUX2KTFFJFVZ6IE7TPSY4NVFVOKHXZGBBERXNF3JOWOZB2PZPU","TBD","TBD","TBD","TBD","TBD","TBD","TBD","https://tinychart.org/asset/540605589","https://twitter.com/algovegas","https://algovegas.com/"
"AlgoWorld Token",233939122,"TBD","TBD","TBD","TBD","TBD","TBD","TBD","TBD","TBD",,,"NFT Project","https://algoexplorer.io/asset/233939122","https://ecosystem.algorand.com/project/algoworld","TBD","TBD","https://algoexplorer.io/address/GRV2SXHUXIHF4C5KDMC6KUH47BTBCLWJFEXM464GUTXU3BDEHE634Y6K2U","TBD","https://algoexplorer.io/address/GRV2SXHUXIHF4C5KDMC6KUH47BTBCLWJFEXM464GUTXU3BDEHE634Y6K2U","https://algoexplorer.io/address/GRV2SXHUXIHF4C5KDMC6KUH47BTBCLWJFEXM464GUTXU3BDEHE634Y6K2U","https://discord.gg/Y9t5cuXGgz","mailto:%20info@algoworld.io","https://github.com/AlgoWorldNFT","TBD","TBD","TBD","https://t.me/algoworld_nft","https://tinychart.org/asset/233939122","https://twitter.com/algoworld_nft","https://algoworld.io/"
"Alty","TBD","TBD","TBD","TBD","TBD","TBD","TBD","TBD","TBD","TBD",,,"Services Provider,
News Sharing, Governance","TBD","https://ecosystem.algorand.com/project/alty","TBD","TBD","TBD","TBD","TBD","TBD","TBD","TBD","TBD","https://www.linkedin.com/company/altybot/","TBD","TBD","TBD","TBD","https://twitter.com/altychatbot","https://alty.com/"
"Angels of Ares",466716175,"TBD","TBD","TBD","TBD","TBD","TBD","TBD","TBD","TBD","https://www.angelsofares.xyz/_files/ugd/060012_ee0273b354514e77b1d5de0c477cc786.pdf",,"TBD","https://algoexplorer.io/asset/466716175","TBD","TBD","TBD","https://algoexplorer.io/address/ARES5ZGOPILXRKCWPEO2ZR6GNJ3EAUE2N5PUDG6J2RLVEV2DDIOEK47NWY","TBD","https://algoexplorer.io/address/ARES5ZGOPILXRKCWPEO2ZR6GNJ3EAUE2N5PUDG6J2RLVEV2DDIOEK47NWY","https://algoexplorer.io/address/ARES5ZGOPILXRKCWPEO2ZR6GNJ3EAUE2N5PUDG6J2RLVEV2DDIOEK47NWY","https://discord.gg/StwtfeUfdP","TBD","TBD","TBD","TBD","TBD","https://t.me/AngelsOfAres","https://tinychart.org/asset/466716175","https://twitter.com/Angels_of_ares","https://www.angelsofares.xyz/"
"Animal Style",446220964,"TBD","TBD","TBD","TBD","TBD","TBD","TBD","TBD","TBD",,,"TBD","https://algoexplorer.io/asset/446220964","TBD","TBD","TBD","https://algoexplorer.io/address/O3YA35Y2USVK3H3EANMLVONV2ZREDL3LV7DT4PT3ZOVNSNSKDS3Y3REBGA","TBD","TBD","https://algoexplorer.io/address/O3YA35Y2USVK3H3EANMLVONV2ZREDL3LV7DT4PT3ZOVNSNSKDS3Y3REBGA","TBD","TBD","TBD","TBD","TBD","TBD","TBD","https://tinychart.org/asset/446220964","TBD","https://www.anml.style/"
"Anirand",604643747,"TBD","TBD","TBD","TBD","TBD","TBD","TBD","TBD","TBD",,,"TBD","https://algoexplorer.io/asset/604643747","TBD","TBD","TBD","https://algoexplorer.io/address/WDJG7PTXHKMUULIC4SLPVKDHP2EQHA2PW5G5CSN2LZ2RR43UF2GO4Z26OE","TBD","https://algoexplorer.io/address/WDJG7PTXHKMUULIC4SLPVKDHP2EQHA2PW5G5CSN2LZ2RR43UF2GO4Z26OE","https://algoexplorer.io/address/WDJG7PTXHKMUULIC4SLPVKDHP2EQHA2PW5G5CSN2LZ2RR43UF2GO4Z26OE","TBD","TBD","TBD","TBD","TBD","TBD","TBD","https://tinychart.org/asset/604643747","TBD",
"ANote Music","TBD","TBD","TBD","TBD","TBD","TBD","TBD","TBD","TBD","https://www.crunchbase.com/organization/anote-music-sound-investments",,,"Services Provider,
DAO, Defi,
NFT Marketplace","TBD","https://ecosystem.algorand.com/project/anote-music","TBD","TBD","TBD","TBD","TBD","TBD","https://discord.gg/MUc63N9VXZ","TBD","TBD","https://www.linkedin.com/company/anote-music/","TBD","TBD","TBD","TBD","https://twitter.com/anotemusic","https://anotemusic.com/"
"Apple",397629052,"TBD","TBD","TBD","TBD","TBD","TBD","TBD","TBD","TBD",,,"TBD","https://algoexplorer.io/asset/397629052","TBD","TBD","TBD","https://algoexplorer.io/address/SIVY3IURM2VIZECMKJSKRS4QMK7ACBF5GKWDVNYCRWPGJ6MBNAIIZPKJIY","TBD","https://algoexplorer.io/address/5LJJOAD4TUCFVO66NQPNJQOXISS357SHMHQVGTOUZ2S4JA4JCSPQDFXBPU","https://algoexplorer.io/address/5LJJOAD4TUCFVO66NQPNJQOXISS357SHMHQVGTOUZ2S4JA4JCSPQDFXBPU","TBD","TBD","TBD","TBD","TBD","TBD","TBD","https://tinychart.org/asset/397629052","TBD",
"Archax","TBD","TBD","TBD","TBD","TBD","TBD","TBD","TBD","TBD","https://www.crunchbase.com/organization/archax",,,"Exchange","TBD","https://ecosystem.algorand.com/project/archax","TBD","TBD","TBD","TBD","TBD","TBD","TBD","TBD","TBD","https://www.linkedin.com/company/archaxex/","https://medium.com/archaxex","TBD","https://t.me/archax","TBD","https://twitter.com/ArchaxEx","https://archax.com/"
"ASA Portfolio",542132831,"Yes",9654,100,914,16,7,20,17,"TBD","https://www.asaportfolio.org/whitepaper",,"DAO,
Portfolio Management Tools","https://algoexplorer.io/asset/542132831","https://ecosystem.algorand.com/project/asa-portfolio","TBD","TBD","https://algoexplorer.io/address/APFMUNO2LDZIKAJDRUFDQNADNOQYRLLBASKELIXRZIKTYSDQ2VO6EWJZ5M","TBD","https://algoexplorer.io/address/APFMUNO2LDZIKAJDRUFDQNADNOQYRLLBASKELIXRZIKTYSDQ2VO6EWJZ5M","TBD","https://discord.gg/sfANHM2gGr","TBD","https://github.com/marcfresquet","TBD","TBD","https://www.reddit.com/r/ASAPortfolio_official/","TBD","https://tinychart.org/asset/542132831","https://twitter.com/ASAPortfolio",
"ASA Stats",393537671,"Yes",98570,43,10048,25,17,29,19,"TBD","https://www.asastats.com/whitepaper.pdf","https://github.com/asastats/docs/blob/main/roadmap.md","DAO, Developer Tooling,
Explorer,
Portfolio Management Tools,
Services Provider","https://algoexplorer.io/asset/393537671","https://ecosystem.algorand.com/project/asa-stats","TBD","TBD","https://algoexplorer.io/address/VKENBO5W2DZAZFQR45SOQO6IMWS5UMVZCHLPEACNOII7BDJTGBZKSEL4Y4","TBD","https://algoexplorer.io/address/VKENBO5W2DZAZFQR45SOQO6IMWS5UMVZCHLPEACNOII7BDJTGBZKSEL4Y4","https://algoexplorer.io/address/VKENBO5W2DZAZFQR45SOQO6IMWS5UMVZCHLPEACNOII7BDJTGBZKSEL4Y4","https://discord.com/invite/Vjx7w7pAC7","TBD","https://github.com/asastats","TBD","TBD","https://www.reddit.com/r/asastats","TBD","https://tinychart.org/asset/393537671","https://twitter.com/asastatscom","https://www.asastats.com/"
"Asia Reserve
Currency Coin",163650,"TBD","TBD","TBD","TBD","TBD","TBD","TBD","TBD","TBD","https://ibmr.io/whitepaper/",,"Stablecoin","https://algoexplorer.io/asset/163650","https://ecosystem.algorand.com/project/asia-reserve-currency-coin-arcc","TBD","https://algoexplorer.io/address/ARCC3TMGVD7KXY7GYTE7U5XXUJXFRD2SXLAWRV57XJ6HWHRR37GNGNMPSY","https://algoexplorer.io/address/ARCC3TMGVD7KXY7GYTE7U5XXUJXFRD2SXLAWRV57XJ6HWHRR37GNGNMPSY","https://algoexplorer.io/address/ARCC3TMGVD7KXY7GYTE7U5XXUJXFRD2SXLAWRV57XJ6HWHRR37GNGNMPSY","https://algoexplorer.io/address/ARCC3TMGVD7KXY7GYTE7U5XXUJXFRD2SXLAWRV57XJ6HWHRR37GNGNMPSY","https://algoexplorer.io/address/ARCC3TMGVD7KXY7GYTE7U5XXUJXFRD2SXLAWRV57XJ6HWHRR37GNGNMPSY","TBD","mailto:%20contact@ibmr.io","TBD","TBD","https://medium.com/arcc-official-page","TBD","https://t.me/arccenglish","https://tinychart.org/asset/397629052","https://twitter.com/ARCC_IBMR","https://ibmr.io/"
"Astrocat",430838314,"TBD","TBD","TBD","TBD","TBD","TBD","TBD","TBD","TBD","https://www.astrocatasa.com/_files/ugd/7368d2_251bc2345930449f84e34f707ff00e2f.pdf",,"TBD","https://algoexplorer.io/asset/430838314","TBD","TBD","TBD","https://algoexplorer.io/address/ELWIPT2WBLWTFKA34JJ6FS5FV5TANZHG275FLXR2Q4MBGKJ75LC3DJPX4M","TBD","https://algoexplorer.io/address/ELWIPT2WBLWTFKA34JJ6FS5FV5TANZHG275FLXR2Q4MBGKJ75LC3DJPX4M","https://algoexplorer.io/address/ELWIPT2WBLWTFKA34JJ6FS5FV5TANZHG275FLXR2Q4MBGKJ75LC3DJPX4M","https://discord.gg/WUhXS9M9JE","TBD","TBD","TBD","TBD","https://www.reddit.com/r/astrocatasa/","TBD","https://tinychart.org/asset/430838314","https://twitter.com/AstrocatASA","https://www.astrocatasa.com/"
"balgo",470335962,"TBD","TBD","TBD","TBD","TBD","TBD","TBD","TBD","TBD",,,"TBD","https://algoexplorer.io/asset/470335962","TBD","TBD","https://algoexplorer.io/address/XYDRSAMB4UVSCYWTAQB6BPQSYPKY5FTE6D3ET4BLN525MQILOMNVQH7GBQ","https://algoexplorer.io/address/XYDRSAMB4UVSCYWTAQB6BPQSYPKY5FTE6D3ET4BLN525MQILOMNVQH7GBQ","https://algoexplorer.io/address/XYDRSAMB4UVSCYWTAQB6BPQSYPKY5FTE6D3ET4BLN525MQILOMNVQH7GBQ","https://algoexplorer.io/address/XYDRSAMB4UVSCYWTAQB6BPQSYPKY5FTE6D3ET4BLN525MQILOMNVQH7GBQ","https://algoexplorer.io/address/XYDRSAMB4UVSCYWTAQB6BPQSYPKY5FTE6D3ET4BLN525MQILOMNVQH7GBQ","TBD","TBD","TBD","TBD","TBD","TBD","TBD","https://tinychart.org/asset/470335962","TBD",
"BANAAN",382781470,"TBD","TBD","TBD","TBD","TBD","TBD","TBD","TBD","TBD",,,"TBD","https://algoexplorer.io/asset/382781470","TBD","TBD","TBD","https://algoexplorer.io/address/ISP34EXZFEEQ275YH7E6VJLGU5YHSNOK43S6IJBUVX5BPL2AS4ZSAFTTHY","TBD","https://algoexplorer.io/address/ISP34EXZFEEQ275YH7E6VJLGU5YHSNOK43S6IJBUVX5BPL2AS4ZSAFTTHY","https://algoexplorer.io/address/ISP34EXZFEEQ275YH7E6VJLGU5YHSNOK43S6IJBUVX5BPL2AS4ZSAFTTHY","TBD","TBD","TBD","TBD","TBD","TBD","TBD","https://tinychart.org/asset/382781470","TBD","https://banaan.ga/"
"Benevolence","TBD","TBD","TBD","TBD","TBD","TBD","TBD","TBD","TBD","TBD","https://ibfnet.ie/wp-content/uploads/2022/04/Litepaper.pdf",,"Services Provider","TBD","https://ecosystem.algorand.com/project/benevolence","TBD","TBD","TBD","TBD","TBD","TBD","TBD","TBD","TBD","https://www.linkedin.com/company/ibf-net-l-limited/","https://ibfnet.medium.com/","TBD","TBD","TBD","https://twitter.com/ibfnet","https://ibfnet.ie/"
"Binance","TBD","TBD","TBD","TBD","TBD","TBD","TBD","TBD","TBD","https://www.crunchbase.com/organization/binance","https://www.allcryptowhitepapers.com/binance-whitepaper/",,"Exchange","TBD","https://ecosystem.algorand.com/project/binance","TBD","TBD","TBD","TBD","TBD","TBD","TBD","TBD","https://github.com/binance","https://www.linkedin.com/company/binance/","https://medium.com/@binance","https://www.reddit.com/r/binance/","TBD","TBD","https://twitter.com/binance","https://www.binance.com/"
"BirdBot",478549868,"Yes",226768,14,5233,49,265,274,21,"TBD",,"https://www.reddit.com/r/BirdBotASA/comments/s3g7hl/improved_birdbot_token_vesting_positions_and/","DAO, NFT Marketplace,
Services Provider, Social Media,
Sustainability Initiative","https://algoexplorer.io/asset/478549868","https://ecosystem.algorand.com/project/birdbot","TBD","TBD","https://algoexplorer.io/address/I6OCQ7C2KVDVT6ARZAG5JNWBJLVVF6PLEBTCJP7CCK3DKTLSNUFXDMWTCQ","TBD","https://algoexplorer.io/address/I6OCQ7C2KVDVT6ARZAG5JNWBJLVVF6PLEBTCJP7CCK3DKTLSNUFXDMWTCQ","https://algoexplorer.io/address/I6OCQ7C2KVDVT6ARZAG5JNWBJLVVF6PLEBTCJP7CCK3DKTLSNUFXDMWTCQ","https://discord.gg/MEQNUYKWXm","TBD","https://github.com/BirdBotASA/BirdBotWindows","https://www.linkedin.com/company/birdbot/","TBD","https://www.reddit.com/r/BirdBotASA/","TBD","https://tinychart.org/asset/478549868","https://twitter.com/BirdBotASA","https://www.bird.bot/"
"Blapu",401752010,"TBD","TBD","TBD","TBD","TBD","TBD","TBD","TBD","TBD",,,"TBD","https://algoexplorer.io/asset/401752010","TBD","TBD","TBD","https://algoexplorer.io/address/AG5BQ4ZMXOZSPFOUF7YS5QG4XEY5ZN4RKEUGBBPLQALIDO3V5OJWSMAD44","TBD","https://algoexplorer.io/address/AG5BQ4ZMXOZSPFOUF7YS5QG4XEY5ZN4RKEUGBBPLQALIDO3V5OJWSMAD44","https://algoexplorer.io/address/AG5BQ4ZMXOZSPFOUF7YS5QG4XEY5ZN4RKEUGBBPLQALIDO3V5OJWSMAD44","TBD","TBD","TBD","TBD","TBD","TBD","TBD","https://tinychart.org/asset/401752010","TBD",
"Bleumi","TBD","TBD","TBD","TBD","TBD","TBD","TBD","TBD","TBD","https://www.crunchbase.com/organization/bleumi",,,"Defi","TBD","https://ecosystem.algorand.com/project/bleumi-payment-for-algorand-and-asas","TBD","TBD","TBD","TBD","TBD","TBD","TBD","TBD","https://github.com/bleumi","https://www.linkedin.com/company/bleumi/","TBD","TBD","TBD","TBD","https://twitter.com/BleumiInc","https://bleumi.com/"
"Blocks",251014570,"TBD","TBD","TBD","TBD","TBD","TBD","TBD","TBD","TBD","https://blockcreate.io/white-paper","https://blockcreate.io/white-paper","TBD","https://algoexplorer.io/asset/251014570","TBD","TBD","https://algoexplorer.io/address/ZSV653RYTKEOMS5PJA3KVGCKSEXP5XD36PTGCJFLOFC652I5QZHGD3FBMQ","https://algoexplorer.io/address/ZSV653RYTKEOMS5PJA3KVGCKSEXP5XD36PTGCJFLOFC652I5QZHGD3FBMQ","https://algoexplorer.io/address/ZSV653RYTKEOMS5PJA3KVGCKSEXP5XD36PTGCJFLOFC652I5QZHGD3FBMQ","https://algoexplorer.io/address/ZSV653RYTKEOMS5PJA3KVGCKSEXP5XD36PTGCJFLOFC652I5QZHGD3FBMQ","https://algoexplorer.io/address/ZSV653RYTKEOMS5PJA3KVGCKSEXP5XD36PTGCJFLOFC652I5QZHGD3FBMQ","TBD","mailto:%20Contact@blockcreate.io","TBD","TBD","TBD","TBD","TBD","https://tinychart.org/asset/251014570","https://www.twitter.com/Blockcreateio","https://blockcreate.io/"
"Board",342889824,"Yes",260804,47,28066,31,236,244,23,"TBD","https://boardofficial.com/board-whitepaper.pdf",,"Art, Investment Fund, Music,
NFT Project, Social Media,
Sports & Gaming","https://algoexplorer.io/asset/342889824","https://ecosystem.algorand.com/project/board","TBD","TBD","https://algoexplorer.io/address/BOARDQCRUEFTMVKV5OZBSTVBLFGDVKCATGPRLM5NQHZAOQTCVAKDSANKMY","TBD","https://algoexplorer.io/address/BOARDQCRUEFTMVKV5OZBSTVBLFGDVKCATGPRLM5NQHZAOQTCVAKDSANKMY","https://algoexplorer.io/address/BOARDQCRUEFTMVKV5OZBSTVBLFGDVKCATGPRLM5NQHZAOQTCVAKDSANKMY","TBD","TBD","TBD","TBD","https://medium.com/@boardofficial","TBD","https://t.me/boardannouncements","https://tinychart.org/asset/342889824","https://twitter.com/boardalgo","https://boardofficial.com/"
"Bones ASA",510337930,"TBD","TBD","TBD","TBD","TBD","TBD","TBD","TBD","TBD",,"https://bonesasa.com/","Analytics, Play-to-Earn","https://algoexplorer.io/asset/510337930","https://ecosystem.algorand.com/project/bones-asa","TBD","TBD","https://algoexplorer.io/tx/WRYUAWCPS6CT3TKZ4UB3BWVOTS7MFTHFYSEYWJDUZVL5PRGWNYEQ","TBD","https://algoexplorer.io/address/FVNYRKC7ALUAYJPYSKEDBEJL5NOVG32YTZKS7FC2U5OINAAKJYMNIPKHB4","https://algoexplorer.io/tx/WRYUAWCPS6CT3TKZ4UB3BWVOTS7MFTHFYSEYWJDUZVL5PRGWNYEQ","TBD","TBD","TBD","TBD","TBD","https://www.reddit.com/r/BonesASA/","TBD","https://tinychart.org/asset/251014570","https://twitter.com/Bones_ASA","https://bonesasa.com/"
"BULO Coin",498684064,"TBD","TBD","TBD","TBD","TBD","TBD","TBD","TBD","TBD","https://bulocoin.site/assets/BULOpaper.pdf",,"TBD","https://algoexplorer.io/asset/498684064","TBD","TBD","TBD","https://algoexplorer.io/address/JI2OYVVAU7XONKPZJJ4SW2IT6SIJ55SMGP4R4HFPAPBIVIWYEQVEJUEP2E","TBD","TBD","https://algoexplorer.io/address/JI2OYVVAU7XONKPZJJ4SW2IT6SIJ55SMGP4R4HFPAPBIVIWYEQVEJUEP2E","TBD","TBD","TBD","TBD","TBD","TBD","TBD","https://tinychart.org/asset/498684064","TBD","https://bulocoin.site/assets/BULOpaper.pdf"
"Buy Token",137020565,"TBD","TBD","TBD","TBD","TBD","TBD","TBD","TBD","https://www.crunchbase.com/organization/buying-com","https://www.buying.com/catalog/view/theme/journal2/assets/documents/Buying.com_Whitepaper_v5.pdf","https://buying.com/index.php?route=common/roadmap","TBD","https://algoexplorer.io/asset/137020565","TBD","TBD","https://algoexplorer.io/address/IVJRGE77IR4MIOUSLSSKMRYRJHMDBXSQ65JRAJI5YYC2FCBHSFHAVZIRIM","https://algoexplorer.io/address/IVJRGE77IR4MIOUSLSSKMRYRJHMDBXSQ65JRAJI5YYC2FCBHSFHAVZIRIM","https://algoexplorer.io/address/IVJRGE77IR4MIOUSLSSKMRYRJHMDBXSQ65JRAJI5YYC2FCBHSFHAVZIRIM","https://algoexplorer.io/address/IVJRGE77IR4MIOUSLSSKMRYRJHMDBXSQ65JRAJI5YYC2FCBHSFHAVZIRIM","https://algoexplorer.io/address/IVJRGE77IR4MIOUSLSSKMRYRJHMDBXSQ65JRAJI5YYC2FCBHSFHAVZIRIM","TBD","mailto:%20info@buying.com","TBD","https://www.linkedin.com/company/buying-com/","TBD","TBD","https://t.me/buyingcom_official","https://tinychart.org/asset/137020565","https://twitter.com/buying_com","https://buying.com/"
"Candle",585221469,"TBD","TBD","TBD","TBD","TBD","TBD","TBD","TBD","TBD",,,"TBD","https://algoexplorer.io/asset/585221469","TBD","TBD","https://algoexplorer.io/address/SH54RRCAGA75CLJL4UQCPJR2DVWBN7ZF7JJ5CO6WGEUTKFHML67T2VH35A","https://algoexplorer.io/address/SH54RRCAGA75CLJL4UQCPJR2DVWBN7ZF7JJ5CO6WGEUTKFHML67T2VH35A","https://algoexplorer.io/address/SH54RRCAGA75CLJL4UQCPJR2DVWBN7ZF7JJ5CO6WGEUTKFHML67T2VH35A","https://algoexplorer.io/address/SH54RRCAGA75CLJL4UQCPJR2DVWBN7ZF7JJ5CO6WGEUTKFHML67T2VH35A","https://algoexplorer.io/address/SH54RRCAGA75CLJL4UQCPJR2DVWBN7ZF7JJ5CO6WGEUTKFHML67T2VH35A","TBD","TBD","TBD","TBD","TBD","TBD","TBD","https://tinychart.org/asset/585221469","TBD",
"Choice Coin",297995609,"Yes",1087995,100,33556,277,768,819,1609,"TBD","https://github.com/ChoiceCoin/White_Paper/blob/main/Choice_White_Paper.pdf","https://choice-coin.com/pages/about.html","DAO, Governance,
Infrastructure","https://algoexplorer.io/asset/297995609","https://ecosystem.algorand.com/project/choice-coin","TBD","TBD","https://algoexplorer.io/address/FG7NNTZU2LMMD2RD3Q5P2T77MESNEU2XXSZKYXKE5TWMXIHTMPJTSCILTA","TBD","https://algoexplorer.io/address/FG7NNTZU2LMMD2RD3Q5P2T77MESNEU2XXSZKYXKE5TWMXIHTMPJTSCILTA","https://algoexplorer.io/address/FG7NNTZU2LMMD2RD3Q5P2T77MESNEU2XXSZKYXKE5TWMXIHTMPJTSCILTA","TBD","TBD","https://github.com/ChoiceCoin","TBD","https://medium.com/@ChoiceCoin","TBD","TBD","https://tinychart.org/asset/297995609","https://twitter.com/ChoiceCoinDAO","https://choice-coin.com/"
"Clean Ocean",393155456,"TBD","TBD","TBD","TBD","TBD","TBD","TBD","TBD","TBD",,"https://cleanoceantoken.org/roadmap","TBD","https://algoexplorer.io/asset/393155456","TBD","TBD","TBD","https://algoexplorer.io/address/N32IYCVJ2BCQI3D5GKCMRJOGWHOIF5NZG26NHRFFU74E4R63KJ7RHZMC7I","TBD","https://algoexplorer.io/address/N32IYCVJ2BCQI3D5GKCMRJOGWHOIF5NZG26NHRFFU74E4R63KJ7RHZMC7I","https://algoexplorer.io/address/N32IYCVJ2BCQI3D5GKCMRJOGWHOIF5NZG26NHRFFU74E4R63KJ7RHZMC7I","https://discord.com/invite/MPAEx6tQyb","TBD","TBD","TBD","TBD","https://www.reddit.com/r/cleanoceantkn/","TBD","https://tinychart.org/asset/393155456","https://twitter.com/CleanOceanTkn","https://cleanoceantoken.org/"
"Coffee DAO",473180477,"TBD","TBD","TBD","TBD","TBD","TBD","TBD","TBD","TBD",,,"NFT Project","https://algoexplorer.io/asset/473180477","https://ecosystem.algorand.com/project/coffee-dao","TBD","TBD","https://algoexplorer.io/address/2FUAYA62JOTJFSYVJNDS5Q2C3HDVWI3YPEBY3KVNBVQCEJ2YOVMWXCIR2U","TBD","https://algoexplorer.io/address/2FUAYA62JOTJFSYVJNDS5Q2C3HDVWI3YPEBY3KVNBVQCEJ2YOVMWXCIR2U","https://algoexplorer.io/address/2FUAYA62JOTJFSYVJNDS5Q2C3HDVWI3YPEBY3KVNBVQCEJ2YOVMWXCIR2U","https://discord.com/invite/68WKZSJqrr","TBD","TBD","TBD","TBD","TBD","TBD","https://tinychart.org/asset/473180477","https://twitter.com/coffeebeandao","https://www.coffeedao.dev/"
"Coinbase","TBD","TBD","TBD","TBD","TBD","TBD","TBD","TBD","TBD","https://www.crunchbase.com/organization/coinbase",,"https://blog.coinbase.com/increasing-transparency-for-new-asset-listings-on-coinbase-e06f2edb095e","Exchange","TBD","https://ecosystem.algorand.com/project/coinbase","TBD","TBD","TBD","TBD","TBD","TBD","TBD","TBD","https://github.com/coinbase","https://www.linkedin.com/company/coinbase/","https://medium.com/@coinbaseblog","https://www.reddit.com/r/CoinBase/","TBD","TBD","https://twitter.com/coinbase","https://pro.coinbase.com/"
"Cosmic Gold",571576867,"TBD","TBD","TBD","TBD","TBD","TBD","TBD","TBD","TBD","https://docsend.com/view/gjdwurs8q56uu53p","https://www.cosmicchamps.com/#roadmap","TBD","https://algoexplorer.io/asset/571576867","TBD","TBD","TBD","https://algoexplorer.io/address/OAKHGK7IPSY7633IJ7PZADSNXU6K4FJFIHB7SEO2YQJYWLWOFGHT5MTALI","TBD","TBD","TBD","https://discord.com/invite/DbSdxK2QPv","TBD","TBD","https://www.linkedin.com/company/cosmicchamps/","https://medium.com/@CosmicChamps","https://www.reddit.com/r/cosmicchamps/","https://www.t.me/cosmicchamps","https://tinychart.org/asset/571576867","https://twitter.com/cosmicchamps","https://www.cosmicchamps.com/"
"Crescendo",435335235,"Yes",122805,93,6450,30,294,297,32,"TBD","https://crescendocrypto.xyz/whitepaper","https://crescendocrypto.xyz/roadmap","Art, Music, NFT Marketplace,
Services Provider","https://algoexplorer.io/asset/435335235","https://ecosystem.algorand.com/project/crescendo","TBD","TBD","https://algoexplorer.io/address/FC74MJE3LPG3WH2CLNJ6MQQTVT6B3D6X43XQ7YG57TPFOJ4ZHAXSYPNYQI","TBD","https://algoexplorer.io/address/H7X55NPJUIQKW3X6RWHDDS6KDKNFSM2UHE3JVVELM5TRK2PTF7WHGZHF3Q","https://algoexplorer.io/address/G5MIC3RI2H6APCFG5HOPOFE7DHTXNAV3YGFXXNF3HIQBQIGKBG3UWPFDAU","https://discord.gg/gZewTj4nFX","TBD","TBD","TBD","TBD","https://www.reddit.com/r/CrescendoCrypto/","TBD","https://tinychart.org/asset/435335235","https://twitter.com/Crescendo_ASA","https://crescendocrypto.xyz/"
"CryptoTrees",444108880,"Yes",339580,23,21239,79,673,695,1159,"TBD","https://cryptotrees.earth/whitepaper/","https://cryptotrees.earth/roadmap/","Sustainability Initiative","https://algoexplorer.io/asset/444108880","https://ecosystem.algorand.com/project/cryptotrees","TBD","TBD","https://algoexplorer.io/address/FC74MJE3LPG3WH2CLNJ6MQQTVT6B3D6X43XQ7YG57TPFOJ4ZHAXSYPNYQI","TBD","https://algoexplorer.io/address/FC74MJE3LPG3WH2CLNJ6MQQTVT6B3D6X43XQ7YG57TPFOJ4ZHAXSYPNYQI","https://algoexplorer.io/address/FC74MJE3LPG3WH2CLNJ6MQQTVT6B3D6X43XQ7YG57TPFOJ4ZHAXSYPNYQI","https://discord.com/invite/T5t4maNhuc","TBD","TBD","TBD","TBD","https://www.reddit.com/r/CryptoTrees/","TBD","https://tinychart.org/asset/444108880","https://twitter.com/CryptoTreesASA","https://cryptotrees.earth/"
"Cujo Token",511491168,"TBD","TBD","TBD","TBD","TBD","TBD","TBD","TBD","TBD","https://thecujo.com/legal%2Fwhitepaper","https://thecujo.com/road-map%2Ftokenomics","TBD","https://algoexplorer.io/asset/511491168","TBD","TBD","TBD","https://algoexplorer.io/address/ONHRGY7XFZBDL7DXYDE4RKSZOQ5SOZM6FZIV7KO7A4ANM23QTFT3WSEF3U","TBD","https://algoexplorer.io/address/ONHRGY7XFZBDL7DXYDE4RKSZOQ5SOZM6FZIV7KO7A4ANM23QTFT3WSEF3U","https://algoexplorer.io/address/ONHRGY7XFZBDL7DXYDE4RKSZOQ5SOZM6FZIV7KO7A4ANM23QTFT3WSEF3U","https://discord.gg/THGQBYf5kS","TBD","TBD","TBD","TBD","https://www.reddit.com/r/OfficialCujoToken/","TBD","https://tinychart.org/asset/511491168","https://twitter.com/OfficialCujo","https://thecujo.com/"
"Dark Coin",601894079,"Yes",35781,100,583,14,230,236,0,"TBD",,,"DAO, Defi, DEX, Governance,
Security Token","https://algoexplorer.io/asset/601894079","https://ecosystem.algorand.com/project/dark-coin","TBD","TBD","https://algoexplorer.io/address/AL6F3TFPSZPF3BSVUFDNOLMEKUCJJAA7GZ5GF3DN3Q4IVJVNUFK76PQFNE","TBD","https://algoexplorer.io/address/AL6F3TFPSZPF3BSVUFDNOLMEKUCJJAA7GZ5GF3DN3Q4IVJVNUFK76PQFNE","TBD","TBD","TBD","TBD","TBD","TBD","TBD","TBD","https://tinychart.org/asset/601894079","TBD",
"DeafCoin",367029007,"TBD","TBD","TBD","TBD","TBD","TBD","TBD","TBD","TBD","https://www.deafcore.com/_files/ugd/2bc464_277c2a82d1ba4665852f3d98b71f51c6.pdf","https://www.deafcore.com/road-map","TBD","https://algoexplorer.io/asset/367029007","TBD","TBD","TBD","https://algoexplorer.io/address/DRWW5CZYFHBRKR5BSR2U24NEBTBBQSU2UKYRJAV7NWX5XNVXVQGKQZ7YZ4","TBD","https://algoexplorer.io/address/DRWW5CZYFHBRKR5BSR2U24NEBTBBQSU2UKYRJAV7NWX5XNVXVQGKQZ7YZ4","https://algoexplorer.io/address/DRWW5CZYFHBRKR5BSR2U24NEBTBBQSU2UKYRJAV7NWX5XNVXVQGKQZ7YZ4","https://discord.gg/3Gtez5Sn","TBD","TBD","TBD","TBD","https://www.reddit.com/r/DeafCoin/","TBD","https://tinychart.org/asset/367029007","https://twitter.com/DeafCoinASA","https://www.deafcore.com/"
"DeCHO Loyalty Token ASA",722955559,"TBD","TBD","TBD","TBD","TBD","TBD","TBD","TBD","TBD",,"https://decho.finance/roadmap","Services Provider","https://algoexplorer.io/asset/722955559","https://ecosystem.algorand.com/project/decho","TBD","TBD","https://algoexplorer.io/address/2C3NUOT42VZ7NULPZSNAHUH27O7EGGGJAGSCBQ5C4ECNTLQE5X4BRJEMHU","TBD","https://algoexplorer.io/address/2C3NUOT42VZ7NULPZSNAHUH27O7EGGGJAGSCBQ5C4ECNTLQE5X4BRJEMHU","https://algoexplorer.io/address/2C3NUOT42VZ7NULPZSNAHUH27O7EGGGJAGSCBQ5C4ECNTLQE5X4BRJEMHU","TBD","TBD","TBD","https://www.linkedin.com/company/xcadecho/","TBD","TBD","TBD","https://tinychart.org/asset/722955559","https://www.twitter.com/AlgoDeCHO/","https://decho.finance/"
"Defly",470842789,"Yes",326472,53,9903,342,703,731,29,"TBD",,"https://defly.app/","Analytics, Defi, Explorer,
Portfolio Management Tools,
Wallets","https://algoexplorer.io/asset/470842789","https://ecosystem.algorand.com/project/defly","TBD","TBD","https://algoexplorer.io/address/ZSASGQZ37L5SVV2VSEKBJTSRTNVPV3IJ7NEWM6BRCXY5AZD5HQLLVYU76I","TBD","https://algoexplorer.io/address/ZSASGQZ37L5SVV2VSEKBJTSRTNVPV3IJ7NEWM6BRCXY5AZD5HQLLVYU76I","https://algoexplorer.io/address/ZSASGQZ37L5SVV2VSEKBJTSRTNVPV3IJ7NEWM6BRCXY5AZD5HQLLVYU76I","https://discord.gg/NKgvASxfSK","TBD","TBD","https://www.linkedin.com/company/blockshake/","TBD","TBD","TBD","https://tinychart.org/asset/470842789","https://twitter.com/deflyapp","https://defly.app/"
"Dequency","TBD","TBD","TBD","TBD","TBD","TBD","TBD","TBD","TBD","https://www.crunchbase.com/organization/dequency",,"https://dequency.io/roadmap/","Services Provider, MetaVerse,
NFT Project","TBD","https://ecosystem.algorand.com/project/dequency","TBD","TBD","TBD","TBD","TBD","TBD","https://discord.gg/Syz4Hb2sH2","TBD","TBD","https://www.linkedin.com/company/dequency/","https://dequency.medium.com/","TBD","TBD","TBD","https://twitter.com/Dequency_io","https://dequency.io/"
"Dope Panda",391379500,"TBD","TBD","TBD","TBD","TBD","TBD","TBD","TBD","TBD","https://docsend.com/view/w8bivjdueavgce9h","https://dopepanda.org/","TBD","https://algoexplorer.io/asset/391379500","TBD","TBD","TBD","https://algoexplorer.io/address/M5TWBEMR35KXIQ25R4QW3A5FH6BA7P2QUYUDIIKW3VV2JP3BSRPVZOQFIQ","TBD","https://algoexplorer.io/address/M5TWBEMR35KXIQ25R4QW3A5FH6BA7P2QUYUDIIKW3VV2JP3BSRPVZOQFIQ","https://algoexplorer.io/address/M5TWBEMR35KXIQ25R4QW3A5FH6BA7P2QUYUDIIKW3VV2JP3BSRPVZOQFIQ","https://discord.gg/D2bq4SmS9Q","mailto:%20team@dopepanda.org","TBD","TBD","TBD","https://www.reddit.com/r/dopepanda","https://t.me/joinchat/3cBfw4dMqsAxYzJl","https://tinychart.org/asset/391379500","TBD","https://dopepanda.org/"
"DrinkItWriteIt",402495345,"TBD","TBD","TBD","TBD","TBD","TBD","TBD","TBD","TBD",,,"TBD","https://algoexplorer.io/asset/402495345","TBD","TBD","TBD","https://algoexplorer.io/address/3Y642KGTDN53Y4S4ATEPXQ3S7JPKH4BTTPMJM3CUB4NHJ5FZYLCNZSA2TE","TBD","https://algoexplorer.io/address/BEERADIKWOC5T4RF3J2UWXBZ2OCGW2TMZGVQWG27VUJFADID6YVKRSUNPM","https://algoexplorer.io/address/BEERADIKWOC5T4RF3J2UWXBZ2OCGW2TMZGVQWG27VUJFADID6YVKRSUNPM","TBD","TBD","TBD","TBD","TBD","TBD","TBD","https://tinychart.org/asset/402495345","TBD",
"Duckcoin",444568464,"TBD","TBD","TBD","TBD","TBD","TBD","TBD","TBD","TBD","https://www.aduckcoin.com/","https://www.aduckcoin.com/","TBD","https://algoexplorer.io/asset/444568464","TBD","TBD","TBD","https://algoexplorer.io/address/OXCZMPLMUU6GNWKPH3VKHIKGLWQD3DBULDFROBQAQCED7IL74USJXMECSE","TBD","https://algoexplorer.io/address/OXCZMPLMUU6GNWKPH3VKHIKGLWQD3DBULDFROBQAQCED7IL74USJXMECSE","https://algoexplorer.io/address/OXCZMPLMUU6GNWKPH3VKHIKGLWQD3DBULDFROBQAQCED7IL74USJXMECSE","https://discord.gg/KuTDXw6W9r","mailto:%20quack@aduckcoin.com","TBD","TBD","TBD","https://www.reddit.com/r/Duckcoin/","TBD","https://tinychart.org/asset/444568464","https://twitter.com/DuckcoinASA","https://www.aduckcoin.com/"
"ELEMENT","TBD","TBD","TBD","TBD","TBD","TBD","TBD","TBD","TBD","TBD",,,"AMM, Defi, Exchange, Investment Fund, KYC/AML, Launchpad, NFT Marketplace, Stablecoin, Yield Aggregation","TBD","https://ecosystem.algorand.com/project/element","TBD","TBD","TBD","TBD","TBD","TBD","https://discord.com/invite/urquv6EWYs","TBD","https://github.com/BosonLabs/","https://in.linkedin.com/company/boson-labs","https://medium.com/@elementdefi","https://www.reddit.com/r/ElementFi/","https://t.me/ElementDeFi","TBD","https://twitter.com/ElementDeFi","https://www.elementfi.io/"
"EPOCH","TBD","TBD","TBD","TBD","TBD","TBD","TBD","TBD","TBD","TBD",,,"MetaVerse, NFT Artist,
NFT Project","TBD","https://ecosystem.algorand.com/project/epoch","TBD","TBD","TBD","TBD","TBD","TBD","https://discord.com/invite/pksPrvBxJD","TBD","TBD","TBD","TBD","TBD","TBD","TBD","https://twitter.com/EPOCH_GALLERY","https://epoch.gallery/"
"FairMeme",547405153,"TBD","TBD","TBD","TBD","TBD","TBD","TBD","TBD","TBD","https://fairmeme.org/launchpad.pdf","https://fairmeme.org/","Services Provider","https://algoexplorer.io/asset/547405153","https://ecosystem.algorand.com/project/fairmemealgo-launchpad","TBD","TBD","https://algoexplorer.io/address/YUTRAOR4WDHRGT4CTN6NWV3RTXIYDZ7G6D4S54YWXSZSTGGHWHHN4LSMZI","https://algoexplorer.io/address/YUTRAOR4WDHRGT4CTN6NWV3RTXIYDZ7G6D4S54YWXSZSTGGHWHHN4LSMZI","https://algoexplorer.io/address/YUTRAOR4WDHRGT4CTN6NWV3RTXIYDZ7G6D4S54YWXSZSTGGHWHHN4LSMZI","https://algoexplorer.io/address/SWGGMO2KILIB5IWN2F7H4Y5MTFSHQS5I37DCTSBFMUALFF63SQ5MJM2CTE","https://discord.gg/wbQHdmHUdQ","TBD","https://github.com/Fairmeme-Dev/Asset-Reissuance-Contract","TBD","https://medium.com/@fairmemeorg","TBD","https://t.me/joinchat/jD22MGO6X6tiZmY8","https://tinychart.org/asset/547405153","https://twitter.com/MemeFair","https://fairmeme.org/"
"Ferrum Network","TBD","TBD","TBD","TBD","TBD","TBD","TBD","TBD","TBD","https://www.crunchbase.com/organization/ferrum-network","https://github.com/ferrumnet/techpaper","https://roadmap.ferrum.network/","Preferred Partner, AMM,
Services Provider,
Defi, Investment Fund,
Infrastructure","TBD","https://ecosystem.algorand.com/project/ferrum-network","TBD","TBD","TBD","TBD","TBD","TBD","https://discord.gg/HEfKq57asd","mailto:%20support@algonode.io","TBD","https://www.linkedin.com/company/ferrumnet/","https://medium.com/ferrumnetwork","TBD","https://t.me/ferrum_network","TBD","https://twitter.com/FerrumNetwork","https://ferrum.network/"
"Fight Token",591601798,"TBD","TBD","TBD","TBD","TBD","TBD","TBD","TBD","TBD",,"https://docs.fightingfish.io/roadmap","TBD","https://algoexplorer.io/asset/591601798","TBD","TBD","TBD","https://algoexplorer.io/address/FIGHTRGQHYDTDV6XETIECZS7TBXQLTDM6C5T4UVSO3F5F3SXXN6NONPZLI","TBD","https://algoexplorer.io/address/FIGHTRGQHYDTDV6XETIECZS7TBXQLTDM6C5T4UVSO3F5F3SXXN6NONPZLI","https://algoexplorer.io/address/FIGHTRGQHYDTDV6XETIECZS7TBXQLTDM6C5T4UVSO3F5F3SXXN6NONPZLI","https://discord.gg/Mwxx8D7BW5","TBD","TBD","TBD","TBD","TBD","TBD","https://tinychart.org/asset/591601798","TBD","https://www.fightingfish.io/"
"Flamingo Coin",406383570,"TBD","TBD","TBD","TBD","TBD","TBD","TBD","TBD","TBD",,,"TBD","https://algoexplorer.io/asset/406383570","TBD","TBD","TBD","https://algoexplorer.io/address/QFTM2Y54EIKT7C37LBNBZ775JYVCMFBB43ZIDMK4GZQRU2MDUHOERMJZTY","TBD","https://algoexplorer.io/address/QFTM2Y54EIKT7C37LBNBZ775JYVCMFBB43ZIDMK4GZQRU2MDUHOERMJZTY","https://algoexplorer.io/address/T7H33NDKFO6HQAVVWDMRJ5X2FFULPP24EVNIDEUFXJBNVPJVBQPL6HAU6I","https://discord.gg/jSGj89vxp7","TBD","TBD","TBD","TBD","https://www.reddit.com/r/FlamingoCoin/","TBD","https://tinychart.org/asset/406383570","TBD",
"Flipping Birds NFT","TBD","TBD","TBD","TBD","TBD","TBD","TBD","TBD","TBD","TBD","https://www.flippingbirds.xyz/Flipping_Birds_NFT.pdf","https://www.flippingbirds.xyz/roadmap.html","TBD","TBD","https://ecosystem.algorand.com/project/flipping-birds-nft","TBD","TBD","TBD","TBD","TBD","TBD","https://discord.gg/DrJNdMdERY","TBD","https://github.com/flippingbirds","TBD","TBD","TBD","TBD","TBD","https://twitter.com/FlippinBirdsNFT","https://www.flippingbirds.xyz/"
"GARD",684649988,"TBD","TBD","TBD","TBD","TBD","TBD","TBD","TBD","https://www.crunchbase.com/organization/tapera-inc","https://www.algogard.com/white-paper.pdf","https://www.algogard.com/#roadmap","Preferred Partner,
Services Provider,
News Sharing, DAO, Defi,
Governance, Infrastructure","https://algoexplorer.io/asset/684649988","https://ecosystem.algorand.com/project/gard","TBD","TBD","https://algoexplorer.io/address/5ZWDKQVBJL6VHZIKXQOLRM37ZS4O5EFXTDT2DS7YZS6UY5KRS6OWSOZRXU","TBD","TBD","https://algoexplorer.io/address/J2E2XXS4FTW3POVNZIHRIHTFRGOWEWX65NFYIVYIA27HUK63NWT65OLB2Y","https://discord.gg/y6rTK5S22a","TBD","https://github.com/Tapera-Finance/","TBD","https://medium.com/@algogard","https://www.reddit.com/r/AlgoGARD","TBD","https://tinychart.org/asset/684649988","https://twitter.com/algogard","https://www.algogard.com/"
"Glitter Finance",607591690,"Yes",27251,6,6267,"TBD","TBD","TBD",14,"https://www.crunchbase.com/organization/glitter-finance","https://drive.google.com/file/d/1n9t700Om9ekqpFlvH6rpg_vud3_oTkhd/view?usp=sharing","https://glitter.finance/","AMM, Oracle, DAO,
Defi, Governance,
NFT Marketplace","https://algoexplorer.io/asset/607591690","https://ecosystem.algorand.com/project/glitter-finance","TBD","https://algoexplorer.io/address/CHYCTAKOYI73E4BPZT44IDKERVRGBPJTCBWSUL7SYJKSC6RBZHBG5O72CA","https://algoexplorer.io/address/CHYCTAKOYI73E4BPZT44IDKERVRGBPJTCBWSUL7SYJKSC6RBZHBG5O72CA","https://algoexplorer.io/address/CHYCTAKOYI73E4BPZT44IDKERVRGBPJTCBWSUL7SYJKSC6RBZHBG5O72CA","https://algoexplorer.io/address/CHYCTAKOYI73E4BPZT44IDKERVRGBPJTCBWSUL7SYJKSC6RBZHBG5O72CA","https://algoexplorer.io/address/CHYCTAKOYI73E4BPZT44IDKERVRGBPJTCBWSUL7SYJKSC6RBZHBG5O72CA","https://discord.gg/P3mZkjsQMM","TBD","https://github.com/Glitter-Finance","https://www.linkedin.com/company/glitter-finance/","https://medium.com/@Glitter-Finance","TBD","https://t.me/GlitterFinanceGlobal","https://tinychart.org/asset/607591690","https://twitter.com/GlitterFinance","https://glitter.finance/"
"Headline",137594422,"Yes",594788,100,22812,106,185,243,85,"https://www.crunchbase.com/organization/headline-inc","https://www.headline-inc.com/files/white-paper.pdf","https://www.headline-inc.com/roadmap/trajectory/#overview","Developer Tooling","https://algoexplorer.io/asset/137594422","https://ecosystem.algorand.com/project/headline-inc","TBD","TBD","https://algoexplorer.io/address/K3NSXYMHPRCK7PMYT3QUQXUGPZJ4MKWJXW2HJRYPVMQUMKJAOJEIEO4HK4","TBD","https://algoexplorer.io/address/K3NSXYMHPRCK7PMYT3QUQXUGPZJ4MKWJXW2HJRYPVMQUMKJAOJEIEO4HK4","https://algoexplorer.io/address/K3NSXYMHPRCK7PMYT3QUQXUGPZJ4MKWJXW2HJRYPVMQUMKJAOJEIEO4HK4","TBD","mailto:%20contact@headline-inc.com","https://github.com/headline-design","TBD","TBD","https://www.reddit.com/r/HEADLINECrypto/","https://t.me/headliners","https://tinychart.org/asset/137594422","https://twitter.com/headline_crypto/","https://www.headline.dev/"
"Hivemind Capital","TBD","TBD","TBD","TBD","TBD","TBD","TBD","TBD","TBD","https://www.crunchbase.com/organization/hivemind-capital-partners",,,"Investment Fund","TBD","https://ecosystem.algorand.com/project/hivemind-capital","TBD","TBD","TBD","TBD","TBD","TBD","TBD","TBD","TBD","TBD","TBD","TBD","TBD","TBD","https://twitter.com/HivemindCap","https://www.hivemindcapital.co/"
"INNOVATION COIN","TBD","TBD","TBD","TBD","TBD","TBD","TBD","TBD","TBD","TBD","https://www.ivncoin.com/assets/Innovation_whitepaper.pdf","https://www.ivncoin.com/#roadmap","Art, DAO, Governance, MetaVerse, NFT Project, 
NFT Marketplace, Sustainability Initiative, Play-to-Earn","https://algoexplorer.io/asset/643125984","https://ecosystem.algorand.com/project/innovation-coin","TBD","TBD","TBD","TBD","TBD","TBD","TBD","TBD","TBD","TBD","TBD","TBD","TBD","TBD","https://twitter.com/Ivncoin?t=JwcMCk_MaJndhC66Y57MQQ&s=09","https://www.ivncoin.com/"
"Kollektor.io","TBD","TBD","TBD","TBD","TBD","TBD","TBD","TBD","TBD","TBD",,,"NFT Marketplace, Social Media, Wallets","TBD","https://ecosystem.algorand.com/project/kollektorio","TBD","TBD","TBD","TBD","TBD","TBD","TBD","mailto:%20info@kollektor.io","TBD","https://www.linkedin.com/company/kollektor-io/","TBD","TBD","TBD","TBD","https://twitter.com/kollektor_io","https://www.kollektor.io/"
"KryptoNurd",330168845,"Yes",295721,22,4631,409,1121,1144,12,"TBD",,,"News Sharing","https://algoexplorer.io/asset/330168845","https://ecosystem.algorand.com/project/kryptonurd","TBD","TBD","https://algoexplorer.io/address/KNURDUNQR5XEKTUGCHKPOFDJ76METNMWIUVWQPMTHYM66EPUBJTDKS463A","TBD","https://algoexplorer.io/address/KNURDUNQR5XEKTUGCHKPOFDJ76METNMWIUVWQPMTHYM66EPUBJTDKS463A","https://algoexplorer.io/address/KNURDUNQR5XEKTUGCHKPOFDJ76METNMWIUVWQPMTHYM66EPUBJTDKS463A","TBD","TBD","TBD","TBD","TBD","TBD","TBD","https://tinychart.org/asset/330168845","https://twitter.com/kryptonurd","https://kryptonurd.com/"
"LegoMyAlgo",568835243,"TBD","TBD","TBD","TBD","TBD","TBD","TBD","TBD","TBD",,,"TBD","https://algoexplorer.io/asset/568835243","TBD","TBD","TBD","https://algoexplorer.io/address/3TP2TPO5MORR2TIBXPI4BNIVZCTISNOZTH2NVL566BPMUAMJCF5NYF66GE","TBD","TBD","TBD","https://discord.gg/CtrwHqH7TF","TBD","TBD","TBD","TBD","TBD","https://t.me/AlgoBrix","https://tinychart.org/asset/568835243","https://twitter.com/algo_brix","https://www.algobrix.life/"
"LOUDDeFi",567485181,"TBD","TBD","TBD","TBD","TBD","TBD","TBD","TBD","TBD",,"https://loudefi.com/roadmap/","TBD","https://algoexplorer.io/asset/567485181","TBD","TBD","TBD","https://algoexplorer.io/address/QGVIHDXZ627ELVTH3MY3D5QB5DJHSZM5D4GEG6VTPMQRNDXAZUNQALW5XA","TBD","https://algoexplorer.io/address/QGVIHDXZ627ELVTH3MY3D5QB5DJHSZM5D4GEG6VTPMQRNDXAZUNQALW5XA","https://algoexplorer.io/address/QGVIHDXZ627ELVTH3MY3D5QB5DJHSZM5D4GEG6VTPMQRNDXAZUNQALW5XA","TBD","mailto:%20team@loudefi.com","TBD","TBD","TBD","TBD","TBD","https://tinychart.org/asset/567485181","https://twitter.com/LOUDeFi","https://loudefi.com/"
"Meadow Labs","TBD","TBD","TBD","TBD","TBD","TBD","TBD","TBD","TBD","TBD",,,"NFT Marketplace,
NFT Artist,
NFT Project","TBD","https://ecosystem.algorand.com/project/meadow-labs","TBD","TBD","TBD","TBD","TBD","TBD","https://discord.gg/nfpJUcNP","mailto:%20hello@meadowlabs.io","TBD","https://www.linkedin.com/company/meadow-labs/","https://meadowlabs.medium.com/","https://www.reddit.com/e/meadowlabs/","TBD","TBD","https://twitter.com/meadowlabs","http://meadowlabs.io/"
"Mint Engine","TBD","TBD","TBD","TBD","TBD","TBD","TBD","TBD","TBD","TBD",,,"DEX, Infrastructure, NFT Marketplace, Services Provider, Wallets","TBD","https://ecosystem.algorand.com/project/mint-engine","TBD","TBD","TBD","TBD","TBD","TBD","TBD","TBD","TBD","TBD","https://mintengine.medium.com/","TBD","https://t.me/mintengine","TBD","https://twitter.com/MintEngine","https://www.mintengine.org/"
"MyAlgo Wallet","TBD","TBD","TBD","TBD","TBD","TBD","TBD","TBD","TBD","TBD",,,"Wallets","TBD","https://ecosystem.algorand.com/project/myalgo-wallet","TBD","TBD","TBD","TBD","TBD","TBD","https://discord.com/channels/491256308461207573/817420411502329896","TBD","https://github.com/randlabs/myalgo-connect/","TBD","https://medium.com/randlabs","TBD","TBD","TBD","https://twitter.com/myalgo_","https://wallet.myalgo.com/"
"NEKOIN",404044168,"Yes",171815,74,37086,36,109,126,9,"TBD","https://nekoin.notion.site/nekoin/NEKOIN-Marketplace-Litepaper-ddea64d54769410091a02530fbd7b3b8","https://nekoin.notion.site/nekoin/NEKOIN-Marketplace-Litepaper-ddea64d54769410091a02530fbd7b3b8#056df1aca55c43c09bec7d1047d3c4b9","Art, DAO,
NFT Marketplace,
Sustainability Initiative","https://algoexplorer.io/asset/404044168","https://ecosystem.algorand.com/project/nekoin","TBD","TBD","https://algoexplorer.io/address/YI3VSYP3WZHD5MHX3GXVLTWPPLOE36DBJF3CXZCXVAWAC5QRFKJL4DM72I","TBD","https://algoexplorer.io/address/YI3VSYP3WZHD5MHX3GXVLTWPPLOE36DBJF3CXZCXVAWAC5QRFKJL4DM72I","https://algoexplorer.io/address/LPI3ELMO5J2JPGG7BUEM6LFTSEDXEQSAHMFYK7SITQESJMKDCCRBTEGTNA","https://discord.gg/QpKaSDqhfa","mailto:%20support@nekoin.ai","TBD","TBD","https://medium.com/@nekoin","https://www.reddit.com/r/NekoinASA/","TBD","https://tinychart.org/asset/404044168","https://twitter.com/NekoinASA","https://www.nekoin.ai/"
"Neutral Token",571931588,"TBD","TBD","TBD","TBD","TBD","TBD","TBD","TBD","TBD",,"https://www.neutraltoken.org/#roadmap","NFT Project,
Sustainability Initiative","https://algoexplorer.io/asset/571931588","https://ecosystem.algorand.com/project/neutral-token","TBD","TBD","https://algoexplorer.io/address/GUXFP335QOOMMTEUYCLBKFAFRTM4MWXKT5A4YDSWI3FLI2HA63OWJVHAJE","TBD","https://algoexplorer.io/address/GUXFP335QOOMMTEUYCLBKFAFRTM4MWXKT5A4YDSWI3FLI2HA63OWJVHAJE","https://algoexplorer.io/address/GUXFP335QOOMMTEUYCLBKFAFRTM4MWXKT5A4YDSWI3FLI2HA63OWJVHAJE","https://discord.gg/f65zFazrdE","mailto:%20info@neutraltoken.org","TBD","TBD","TBD","https://www.reddit.com/r/neutraltokenoffical/","https://t.me/NeutralTokenOff","https://tinychart.org/asset/571931588","https://twitter.com/Neutraltoken","https://superalgorand.com/"
"Nexus",403499324,"Yes",117639,100,11134,41,120,137,198,"TBD","https://www.nexusasa.info/white-paper",,"Defi, Services Provider,
Sports & Gaming","https://algoexplorer.io/asset/403499324","https://ecosystem.algorand.com/project/nexus","TBD","TBD","https://algoexplorer.io/address/5W3K7JJLHLFPQF7Y2JOOGATKHP46N3HNCZPYYO2XGKPTJ2P7B3KU6GPR54","TBD","https://algoexplorer.io/address/5W3K7JJLHLFPQF7Y2JOOGATKHP46N3HNCZPYYO2XGKPTJ2P7B3KU6GPR54","TBD","https://discord.gg/VGPqevK6UF","https://www.nexusasa.info/contact","TBD","TBD","TBD","https://www.reddit.com/r/NexusASA/","TBD","https://tinychart.org/asset/403499324","https://twitter.com/AsaNexus","https://www.nexusasa.info/"
"NFT Grocery
Store Coupon",281003266,"TBD","TBD","TBD","TBD","TBD","TBD","TBD","TBD","TBD",,,"TBD","https://algoexplorer.io/asset/281003266","TBD","TBD","https://algoexplorer.io/address/CHAINKX22I7YNLPJVC3HP6RIFAUSPZG7RPSWIJIOPDCT6BLUAGBLCHPQZM","https://algoexplorer.io/address/CHAINKX22I7YNLPJVC3HP6RIFAUSPZG7RPSWIJIOPDCT6BLUAGBLCHPQZM","https://algoexplorer.io/address/CHAINKX22I7YNLPJVC3HP6RIFAUSPZG7RPSWIJIOPDCT6BLUAGBLCHPQZM","https://algoexplorer.io/address/CHAINKX22I7YNLPJVC3HP6RIFAUSPZG7RPSWIJIOPDCT6BLUAGBLCHPQZM","https://algoexplorer.io/address/CHAINKX22I7YNLPJVC3HP6RIFAUSPZG7RPSWIJIOPDCT6BLUAGBLCHPQZM","https://discord.gg/A72wpxUYZ6","mailto:%20AlgoChainNFT@gmail.com","TBD","TBD","TBD","https://www.reddit.com/user/AlgoChainNFT","https://t.me/joinchat/vl2xAGpUGiw5ZGFh","https://tinychart.org/asset/281003266","https://twitter.com/AlgoNFT","https://www.algochainnft.com/grocery"
"NFTrade",455356741,"TBD","TBD","TBD","TBD","TBD","TBD","TBD","TBD","TBD","https://polymeta.co/litepaper",,"TBD","https://algoexplorer.io/asset/455356741","TBD","TBD","TBD","https://algoexplorer.io/address/QS4DZXGYK2MUPXTWHANZKCH2LAJYYBAGJUPAGOTHVEEOL7U6RRH4COKQOM","TBD","https://algoexplorer.io/address/QS4DZXGYK2MUPXTWHANZKCH2LAJYYBAGJUPAGOTHVEEOL7U6RRH4COKQOM","Manager, Reserve,
Reserve, Vault","https://discord.gg/6fh23wK4CA","TBD","TBD","TBD","TBD","TBD","TBD","https://tinychart.org/asset/455356741","http://twitter.com/PolyMetaToken","https://polymeta.co/"
"Opulous",287867876,"Yes",2835678,13,1436002,1526,235,1600,152,"https://www.crunchbase.com/organization/opulous","https://opulous.org/Opulous.pdf","https://opulous.org/Opulous.pdf","Exchange, Defi,
Investment Fund,
NFT Marketplace,
NFT Project, Music","https://algoexplorer.io/asset/287867876","https://ecosystem.algorand.com/project/opulous","TBD","TBD","https://algoexplorer.io/address/V537CZUKQJH2ETEJRXHAQI6OUHL54MZU5OIBCAU4J6OE3557ODF74WVQCA","TBD","https://algoexplorer.io/address/V537CZUKQJH2ETEJRXHAQI6OUHL54MZU5OIBCAU4J6OE3557ODF74WVQCA","https://algoexplorer.io/address/V537CZUKQJH2ETEJRXHAQI6OUHL54MZU5OIBCAU4J6OE3557ODF74WVQCA","https://discord.gg/opulousapp","mailto:%20info@opulous.org","TBD","TBD","https://opulous.medium.com/","TBD","TBD","https://tinychart.org/asset/287867876","https://twitter.com/opulousapp","https://opulous.org/"
"Orbital Gnome
Strikers",613608234,"TBD","TBD","TBD","TBD","TBD","TBD","TBD","TBD","TBD",,,"DAO, Governance,
Social Media","https://algoexplorer.io/asset/613608234","https://ecosystem.algorand.com/project/orbital-gnome-strikers","TBD","TBD","https://algoexplorer.io/address/5TOOCJSAZBPBV4LFH26JBJYPJXGQ4XCYAT44Z6ETZT6DHQIEIBTYBYW4CM","TBD","https://algoexplorer.io/address/5TOOCJSAZBPBV4LFH26JBJYPJXGQ4XCYAT44Z6ETZT6DHQIEIBTYBYW4CM","https://algoexplorer.io/address/FAUC7F2DF3UGQFX2QIR5FI5PFKPF6BPVIOSN2X47IKRLO6AMEVA6FFOGUQ","https://t.co/sZOiwDJFxi","TBD","TBD","TBD","TBD","https://www.reddit.com/r/OrbitalGnomeStrikers/","TBD","https://tinychart.org/asset/613608234","https://twitter.com/OGSAlgo",
"Pari",461849439,"TBD","TBD","TBD","TBD","TBD","TBD","TBD","TBD","TBD","https://www.paritoken.com/static/media/litepaper.7b7bf601.pdf","https://www.paritoken.com/","TBD","https://algoexplorer.io/asset/461849439","TBD","TBD","TBD","https://algoexplorer.io/address/ZPSI2EEZR3TTQKVPW2TBRYYDHK7RDYGFSDJPCVL67VVU3KPJ6DBRLUP5BI","TBD","https://algoexplorer.io/address/ZPSI2EEZR3TTQKVPW2TBRYYDHK7RDYGFSDJPCVL67VVU3KPJ6DBRLUP5BI","https://algoexplorer.io/address/ZPSI2EEZR3TTQKVPW2TBRYYDHK7RDYGFSDJPCVL67VVU3KPJ6DBRLUP5BI","TBD","TBD","TBD","TBD","TBD","TBD","https://t.co/UF5ErVkSLs","https://tinychart.org/asset/461849439","https://twitter.com/PariToken","https://www.paritoken.com/"
"Parsec",415045633,"Yes",35026,0,9936,7,71,76,3,"TBD",,"https://prsc.app/roadmap/","Play-to-Earn","https://algoexplorer.io/asset/415045633","https://ecosystem.algorand.com/project/parsec","TBD","TBD","https://algoexplorer.io/address/XBU3MFM43O443GXNW7SMESBDFXV6WPBJKW3SEKDJV2GTOXX37PWICJ6SLI","TBD","https://algoexplorer.io/address/XBU3MFM43O443GXNW7SMESBDFXV6WPBJKW3SEKDJV2GTOXX37PWICJ6SLI","https://algoexplorer.io/address/XBU3MFM43O443GXNW7SMESBDFXV6WPBJKW3SEKDJV2GTOXX37PWICJ6SLI","https://discord.gg/sxahJtjUrx","TBD","TBD","TBD","TBD","https://www.reddit.com/r/ParsecASA/","TBD","https://tinychart.org/asset/415045633","https://twitter.com/PrscApp","https://prsc.app/"
"Pera Wallet","TBD","TBD","TBD","TBD","TBD","TBD","TBD","TBD","TBD","TBD",,,"Wallets","TBD","https://ecosystem.algorand.com/project/pera-wallet","TBD","TBD","TBD","TBD","TBD","TBD","https://discord.io/Pera","TBD","https://github.com/perawallet","TBD","https://blog.perawallet.app/","https://www.reddit.com/r/PeraWallet/","https://t.me/PeraWallet","TBD","https://twitter.com/PeraAlgoWallet","https://perawallet.app/"
"PlanetWatch",27165954,"Yes",264367032,14,132554,2550,17895,18623,1,"https://www.crunchbase.com/organization/planetwatch","https://www.planetwatch.io/white-paper/index-h5.html?page=1","https://www.planetwatch.io/technical-roadmap/","Services Provider,
Sustainability Initiative","https://algoexplorer.io/asset/27165954","https://ecosystem.algorand.com/project/planetwatch","TBD","TBD","https://algoexplorer.io/address/BY6UJNZ2MD3AZC2K2KQJW7W7OWPGGIBNOSZGFZQ6L426BTGO5G2FOI6VPI","TBD","https://algoexplorer.io/address/BY6UJNZ2MD3AZC2K2KQJW7W7OWPGGIBNOSZGFZQ6L426BTGO5G2FOI6VPI","https://algoexplorer.io/address/BY6UJNZ2MD3AZC2K2KQJW7W7OWPGGIBNOSZGFZQ6L426BTGO5G2FOI6VPI","https://discord.com/invite/2DQF6UYdRC","TBD","TBD","https://www.linkedin.com/company/64512233/","https://medium.com/planet-watch","TBD","https://t.me/planetwatch","https://tinychart.org/asset/27165954","https://twitter.com/planetwatchsas","https://www.planetwatch.io/"
"QMG.finance","TBD","TBD","TBD","TBD","TBD","TBD","TBD","TBD","TBD","TBD",,,"Accelerator/Incubator, DAO, Decentralized Identity, Defi, Governance, Launchpad, MetaVerse, NFT Marketplace, NFT Project, Play-to-Earn, Portfolio Management Tools, Sports & Gaming, Yield Aggregation","TBD","https://ecosystem.algorand.com/project/qmgfinance","TBD","TBD","TBD","TBD","TBD","TBD","https://discord.gg/bSqyMmPzdt","TBD","https://ldd-1.gitbook.io/qmg.finance-framework/","TBD","TBD","TBD","TBD","TBD","https://twitter.com/qmglabs","https://qmg.finance/"
"QuantmRE","TBD","TBD","TBD","TBD","TBD","TBD","TBD","TBD","TBD","https://www.crunchbase.com/organization/quantmre",,,"Real Estate","TBD","https://ecosystem.algorand.com/project/quantmre","TBD","TBD","TBD","TBD","TBD","TBD","TBD","TBD","TBD","https://www.linkedin.com/company/quantm-one/","TBD","TBD","TBD","TBD","https://twitter.com/quantmre","https://www.quantmre.com/"
"Quantoz","TBD","TBD","TBD","TBD","TBD","TBD","TBD","TBD","TBD","https://www.crunchbase.com/organization/quantoz",,,"DAO, Defi","TBD","https://ecosystem.algorand.com/project/quantoz","TBD","TBD","TBD","TBD","TBD","TBD","TBD","TBD","TBD","https://www.linkedin.com/company/quantoz/","TBD","TBD","TBD","TBD","https://twitter.com/Quantoz","https://quantoz.com/"
"RaptorEYE",426980914,"Yes",44932,100,4003,37,132,147,16,"TBD","https://www.raptoreyenft.com/uploads/7/1/8/0/7180958/raptor_coin_green_paper_1.1.pdf","https://www.raptoreyenft.com/#roadmap","NFT Project","https://algoexplorer.io/asset/426980914","https://ecosystem.algorand.com/project/raptoreye","TBD","TBD","https://algoexplorer.io/address/SBKN5JI72DS4USUUIFO3MMNZLPVDKERA2D3HOPZMSXAK5VBBEM364TGS3A","TBD","https://algoexplorer.io/address/SBKN5JI72DS4USUUIFO3MMNZLPVDKERA2D3HOPZMSXAK5VBBEM364TGS3A","https://algoexplorer.io/address/SBKN5JI72DS4USUUIFO3MMNZLPVDKERA2D3HOPZMSXAK5VBBEM364TGS3A","https://discord.com/invite/uSMEWMxk2k","TBD","TBD","TBD","TBD","TBD","TBD","https://tinychart.org/asset/426980914","https://twitter.com/RaptorNFT","https://www.raptoreyenft.com/"
"Respectful Development Initiativ",467134640,"TBD","TBD","TBD","TBD","TBD","TBD","TBD","TBD","TBD","https://drive.google.com/file/d/1zwUb7WxF0SheQrpkd0UTgu-BTf3LcT11/view",,"DAO, Defi, Sustainability Initiative","https://algoexplorer.io/asset/467134640","https://ecosystem.algorand.com/project/respectful-development-initiativ","TBD","TBD","https://algoexplorer.io/address/WVEU2WIOTG7WBQBKALOAI7QBC5AXBO3U24GV363RXRG5HFO6NXWCHK6XN4","TBD","https://algoexplorer.io/address/WVEU2WIOTG7WBQBKALOAI7QBC5AXBO3U24GV363RXRG5HFO6NXWCHK6XN4","https://algoexplorer.io/address/WVEU2WIOTG7WBQBKALOAI7QBC5AXBO3U24GV363RXRG5HFO6NXWCHK6XN4","https://discord.com/invite/rKFBUhHV8B","TBD","TBD","TBD","TBD","TBD","https://t.me/RDinitiativ","https://tinychart.org/asset/467134640","https://twitter.com/RDinitiativ","https://www.respectfuldevelopment.com/"
"Securitize's DS Protocol","TBD","TBD","TBD","TBD","TBD","TBD","TBD","TBD","TBD","TBD",,,"Preferred Partner, Services Provider, KYC/AML, Defi, Investment Fund, Security Token, Stablecoin, Wallets, Portfolio Management Tools, Yield Aggregation","TBD","https://ecosystem.algorand.com/project/securitizes-ds-protocol","TBD","TBD","TBD","TBD","TBD","TBD","TBD","TBD","https://github.com/securitize-io","https://www.linkedin.com/company/securitize/","TBD","TBD","TBD","TBD","https://twitter.com/Securitize?utm_source=Markets&utm_medium=referral","https://securitize.io/resources/protocols"
"SeedBomb",523605642,"Yes",25286,86,6905,13,65,73,2,"TBD","https://www.seed-bomb.com/_files/ugd/0f8988_c6c8d7b6679e4a61b65a6ee533b5e35f.pdf","https://www.seed-bomb.com/road-map","Art, Governance, NFT Project,
Sustainability Initiative","https://algoexplorer.io/asset/523605642","https://ecosystem.algorand.com/project/seedbomb","TBD","TBD","https://algoexplorer.io/address/SVECSHKRCU3YSX2WJF53FXUTPU7FMAKSQ5WCSQILEGFOUXAAXPVR7ZR5EU","TBD","https://algoexplorer.io/address/SVECSHKRCU3YSX2WJF53FXUTPU7FMAKSQ5WCSQILEGFOUXAAXPVR7ZR5EU","https://algoexplorer.io/address/SVECSHKRCU3YSX2WJF53FXUTPU7FMAKSQ5WCSQILEGFOUXAAXPVR7ZR5EU","TBD","TBD","TBD","TBD","TBD","https://www.reddit.com/r/SeedBomb_ASA/","TBD","https://tinychart.org/asset/523605642","https://twitter.com/SeedBomb_ASA","https://www.seed-bomb.com/"
"Sign.net",266846137,"TBD","TBD","TBD","TBD","TBD","TBD","TBD","TBD","https://www.crunchbase.com/organization/sign-net",,,"Services Provider,
NFT Project","https://algoexplorer.io/asset/266846137","https://ecosystem.algorand.com/project/signnet","TBD","TBD","TBD","TBD","TBD","TBD","https://discord.gg/UVrDWuVb","mailto:%20help@sign.net","https://www.github.com/sign-net","https://www.linkedin.com/company/signdotnet","TBD","TBD","TBD","https://tinychart.org/asset/266846137","https://twitter.com/SignDotNet","https://www.sign.net/"
"Smile Coin",300208676,"Yes",1683871,33,82662,626,2011,2235,43,"TBD","https://smilecoin.us/smilecoin-lightpaper.pdf","https://smilecoin.us/smilecoin-roadmap.pdf","Defi,
Play-to-Earn,
SDK","https://algoexplorer.io/asset/300208676","https://ecosystem.algorand.com/project/smile-coin","TBD","TBD","https://algoexplorer.io/address/KAIPTDPRZBJ7BIDQXEO7ICQ2U2R2E5ATKFOBR3PSKYJRC56WHNYHBW4WVE","https://algoexplorer.io/address/KAIPTDPRZBJ7BIDQXEO7ICQ2U2R2E5ATKFOBR3PSKYJRC56WHNYHBW4WVE","https://algoexplorer.io/address/KAIPTDPRZBJ7BIDQXEO7ICQ2U2R2E5ATKFOBR3PSKYJRC56WHNYHBW4WVE","https://algoexplorer.io/address/KAIPTDPRZBJ7BIDQXEO7ICQ2U2R2E5ATKFOBR3PSKYJRC56WHNYHBW4WVE","https://discord.com/invite/Q24Jsnm8rw","TBD","TBD","TBD","https://medium.com/@smilecoinupdates","https://www.reddit.com/r/SmileCoin/","https://t.me/smilecoin_invite","https://tinychart.org/asset/300208676","https://twitter.com/SmilecoinUS","https://smilecoin.us/"
"SockHODLER",452047208,"Yes",74167,50,9902,29,131,145,31,"TBD","https://sockhodler.gitbook.io/sockhodler-litepaper/",,"Preferred Partner,
Services Provider,
NFT Marketplace, NFT Project","https://algoexplorer.io/asset/452047208","https://ecosystem.algorand.com/project/sockhodler","TBD","TBD","https://algoexplorer.io/address/5AAAMVCIMDKRVD5LYCPDQIARP6LIL4XN5D5LYOFJUNCLKRDRDKTGPBPCLE","TBD","https://algoexplorer.io/address/5AAAMVCIMDKRVD5LYCPDQIARP6LIL4XN5D5LYOFJUNCLKRDRDKTGPBPCLE","https://algoexplorer.io/address/X4O7NNVFCZQPJCERHLMWFDW43ZQRSXBC7442YSY24WEBJRXMS5DRMGYX4A","https://discord.gg/8zD6BnTup2","mailto:%20sockmaster@sockhodler.com","https://github.com/sockhodler","TBD","https://blog.sockhodler.com/","https://www.reddit.com/r/sockHODLER/","TBD","https://tinychart.org/asset/452047208","https://twitter.com/SockHodler","https://www.sockhodler.com/"
"Super Algo
Arcade",433379445,"Yes",52749,45,1423,20,523,525,6,"TBD","https://superalgoarcade.com/wp-content/uploads/2022/02/SuperWhitePaper-2.pdf","https://superalgorand.com/token-info/","Play-to-Earn","https://algoexplorer.io/asset/433379445","https://ecosystem.algorand.com/project/super","TBD","TBD","https://algoexplorer.io/address/EF5CFMVEMFP4WYALTFM5IN5SVFEWT6ANH4DEDENISMC7TFCQ56B3FQDXRY","TBD","https://algoexplorer.io/address/EF5CFMVEMFP4WYALTFM5IN5SVFEWT6ANH4DEDENISMC7TFCQ56B3FQDXRY","https://algoexplorer.io/address/EF5CFMVEMFP4WYALTFM5IN5SVFEWT6ANH4DEDENISMC7TFCQ56B3FQDXRY","https://discord.gg/9rW5WdWJwb","mailto:%20admin@superalgorand.com","TBD","TBD","TBD","https://www.reddit.com/r/SUPERASA/","TBD","https://tinychart.org/asset/433379445","https://twitter.com/SUPERalgoasa","https://superalgorand.com/"
"Svansy Coin",388502764,"Yes",171059,68,14334,32,50,62,21,"TBD",,,"Art, MetaVerse, Music,
NFT Artist, NFT Marketplace,
NFT Project, Services Provider","https://algoexplorer.io/asset/388502764","https://ecosystem.algorand.com/project/svansy-coin","TBD","TBD","https://algoexplorer.io/address/SBKN5JI72DS4USUUIFO3MMNZLPVDKERA2D3HOPZMSXAK5VBBEM364TGS3A","TBD","https://algoexplorer.io/address/SBKN5JI72DS4USUUIFO3MMNZLPVDKERA2D3HOPZMSXAK5VBBEM364TGS3A","https://algoexplorer.io/address/SBKN5JI72DS4USUUIFO3MMNZLPVDKERA2D3HOPZMSXAK5VBBEM364TGS3A","https://discord.gg/bjNQPd5hmE","TBD","TBD","TBD","TBD","TBD","https://t.me/SVANSYcoinchat","https://tinychart.org/asset/388502764","https://twitter.com/SvansyVon","https://svansyvonswansea.com/"
"TacoCoin",329110405,"TBD","TBD","TBD","TBD","TBD","TBD","TBD","TBD","TBD",,"https://www.dorastacos.com/","TBD","https://algoexplorer.io/asset/329110405","TBD","TBD","TBD","https://algoexplorer.io/address/RJYHW7AVTX332AAODAWM4QKJNMYBI42TYCAT2SFNXU6RP34QZ2OAXYIOLE","TBD","https://algoexplorer.io/address/RJYHW7AVTX332AAODAWM4QKJNMYBI42TYCAT2SFNXU6RP34QZ2OAXYIOLE","https://algoexplorer.io/address/RJYHW7AVTX332AAODAWM4QKJNMYBI42TYCAT2SFNXU6RP34QZ2OAXYIOLE","https://discord.gg/sv5DHwDk","TBD","TBD","TBD","TBD","https://www.reddit.com/r/TacoToken/","https://t.me/TacoCoin","https://tinychart.org/asset/329110405","https://twitter.com/taco_coin","https://www.dorastacos.com/"
"The Drone Racing League","TBD","TBD","TBD","TBD","TBD","TBD","TBD","TBD","TBD","TBD",,,"MetaVerse, NFT Marketplace, Social Media, Wallets, Sports & Gaming, Play-to-Earn","TBD","https://ecosystem.algorand.com/project/the-drone-racing-league","TBD","TBD","TBD","TBD","TBD","TBD","TBD","TBD","TBD","TBD","TBD","TBD","TBD","TBD","https://twitter.com/droneraceleague","https://thedroneracingleague.com/"
"TinyBots",421281844,"TBD","TBD","TBD","TBD","TBD","TBD","TBD","TBD","TBD",,,"TBD","https://algoexplorer.io/asset/421281844","TBD","TBD","TBD","https://algoexplorer.io/address/6VISLS5TRWA2DIFCOF77WFG34PI27UKJBJZNDWXTGTV5EDHWMLJYCDZSDU","TBD","https://algoexplorer.io/address/6VISLS5TRWA2DIFCOF77WFG34PI27UKJBJZNDWXTGTV5EDHWMLJYCDZSDU","https://algoexplorer.io/address/6VISLS5TRWA2DIFCOF77WFG34PI27UKJBJZNDWXTGTV5EDHWMLJYCDZSDU","TBD","TBD","TBD","TBD","TBD","TBD","TBD","https://tinychart.org/asset/421281844","TBD","https://tinybots.app/dapp/"
"TinyChart",378382099,"TBD","TBD","TBD","TBD","TBD","TBD","TBD","TBD","TBD",,"https://tinychart.org/about","Services Provider, Analytics,
Defi, Developer Tooling","https://algoexplorer.io/asset/378382099","https://ecosystem.algorand.com/project/tinychart","TBD","TBD","https://algoexplorer.io/address/4DS5QWDTH3LOMBWLKSL2FOJPRIPEA2XYISM72CDPSICZABB4TER5J53F6I","TBD","https://algoexplorer.io/address/4DS5QWDTH3LOMBWLKSL2FOJPRIPEA2XYISM72CDPSICZABB4TER5J53F6I","https://algoexplorer.io/address/4DS5QWDTH3LOMBWLKSL2FOJPRIPEA2XYISM72CDPSICZABB4TER5J53F6I","https://discord.com/invite/uwkeEeytt9","mailto:%20team@tinychart.org","https://github.com/tinychart","https://www.linkedin.com/company/tinychart-co/","https://tinychartco.medium.com/","https://www.reddit.com/r/tinychart/","TBD","https://tinychart.org/asset/378382099","https://twitter.com/tinychartorg/","https://tinychart.org/"
"ToolsX",394014424,"TBD","TBD","TBD","TBD","TBD","TBD","TBD","TBD","TBD","https://toolsx.org/ToolsX-White-Paper.pdf","https://toolsx.org/ToolsX-Roadmap.pdf","TBD","https://algoexplorer.io/asset/394014424","TBD","TBD","TBD","https://algoexplorer.io/address/PLJUNVIN6WSWRRWVUQI72QFPGUEOHCBKJK4Y42ZFBYNF4CVEQYYFDVI2KU","TBD","https://algoexplorer.io/address/PLJUNVIN6WSWRRWVUQI72QFPGUEOHCBKJK4Y42ZFBYNF4CVEQYYFDVI2KU","https://algoexplorer.io/address/PLJUNVIN6WSWRRWVUQI72QFPGUEOHCBKJK4Y42ZFBYNF4CVEQYYFDVI2KU","https://algoexplorer.io/address/PLJUNVIN6WSWRRWVUQI72QFPGUEOHCBKJK4Y42ZFBYNF4CVEQYYFDVI2KU","mailto:%20info@toolsx.org","TBD","TBD","TBD","TBD","https://t.me/joinchat/hX38fjFdvd40YWNk","https://tinychart.org/asset/394014424","https://twitter.com/toolsxofficial","https://toolsx.org/"
"USD Coin",31566704,"Yes",4731243,0,1584320,2139,965,2273,26,"https://www.crunchbase.com/organization/centre","https://f.hubspotusercontent30.net/hubfs/9304636/PDF/centre-whitepaper.pdf",,"Stablecoin","https://algoexplorer.io/asset/31566704","https://ecosystem.algorand.com/project/usdc","TBD","TBD","https://algoexplorer.io/address/2UEQTE5QDNXPI7M3TU44G6SYKLFWLPQO7EBZM7K7MHMQQMFI4QJPLHQFHM","https://algoexplorer.io/address/3ERES6JFBIJ7ZPNVQJNH2LETCBQWUPGTO4ROA6VFUR25WFSYKGX3WBO5GE","https://algoexplorer.io/address/37XL3M57AXBUJARWMT5R7M35OERXMH3Q22JMMEFLBYNDXXADGFN625HAL4","https://algoexplorer.io/address/2UEQTE5QDNXPI7M3TU44G6SYKLFWLPQO7EBZM7K7MHMQQMFI4QJPLHQFHM","TBD","TBD","TBD","https://www.linkedin.com/company/centre-consortium/","TBD","TBD","TBD","https://tinychart.org/asset/31566704","https://twitter.com/centre_io","https://www.centre.io/usdc"
"VerdeX Finance","TBD","TBD","TBD","TBD","TBD","TBD","TBD","TBD","TBD","TBD",,,"DEX, AMM, DAO, Defi, Wallets, Launchpad, Yield Aggregation","TBD","https://ecosystem.algorand.com/project/verdex-finance","TBD","TBD","TBD","TBD","TBD","TBD","https://s.verdex.finance/AK1F","mailto:%20contact@verdexlabs.com","https://github.com/verdex-labs","https://www.linkedin.com/company/verdexfi/","https://medium.com/verdex","https://www.reddit.com/r/Verdex/?app_id=f11519edde60c19c2813b206963dee8d","https://t.me/verdexfinance?app_id=8ab4ed6c899fed1075ff750d4705fe91","TBD","https://twitter.com/verdexfinance?app_id=1cbc744dde003b56d23e1d44c9e397e4","https://verdex.finance/?app_id=55132dba5ba145ea1157dee2917451be"
"Vote Coin",452399768,"Yes",202134,0,1027,25,60,64,30,"TBD",,"https://www.vote-coin.com/vote-coin-tokenomics/roadmap","Services Provider,
KYC/AML, DAO,
Infrastructure","https://algoexplorer.io/asset/452399768","https://ecosystem.algorand.com/project/vote-coin","TBD","TBD","TBD","TBD","TBD","TBD","https://discord.gg/XrbGeyrAn7","TBD","https://github.com/scholtz/vote-coin-demo","TBD","TBD","TBD","TBD","https://tinychart.org/asset/452399768","https://twitter.com/TheVoteCoin","https://www.vote-coin.com/"
"Wageroo",575353596,"Yes",21078,28,779,38,68,87,1,"TBD",,"https://wageroo.org/roadmap","Sports & Gaming","https://algoexplorer.io/asset/575353596","https://ecosystem.algorand.com/project/wageroo","TBD","TBD","https://algoexplorer.io/address/S3RUG2SBMA6NRZKH5QHRQFDKVWNQAQERCQUFQGXK567YALQOSYGIOUOOJ4","TBD","https://algoexplorer.io/address/S3RUG2SBMA6NRZKH5QHRQFDKVWNQAQERCQUFQGXK567YALQOSYGIOUOOJ4","https://algoexplorer.io/address/S3RUG2SBMA6NRZKH5QHRQFDKVWNQAQERCQUFQGXK567YALQOSYGIOUOOJ4","TBD","mailto:%20Wageroodao@gmail.com","TBD","TBD","TBD","https://www.reddit.com/r/Wageroo/","TBD","https://tinychart.org/asset/575353596","TBD","https://wageroo.org/"
"WAGMIswap.io","TBD","TBD","TBD","TBD","TBD","TBD","TBD","TBD","TBD","TBD",,"https://wagmiswap.io/","Accelerator/Incubator, AMM, DAO, Defi, DEX, Exchange, Governance, MetaVerse, NFT Marketplace, NFT Project, Play-to-Earn, Wallets, Yield Aggregation","TBD","https://ecosystem.algorand.com/project/wagmiswapio","TBD","TBD","TBD","TBD","TBD","TBD","https://discord.gg/bSqyMmPzdt","TBD","https://gitbook.wagmiswap.io/","TBD","TBD","TBD","TBD","TBD","https://twitter.com/WAGMIswap","https://wagmiswap.io/"
"Webblen",509808838,"Yes",88630,5,4815,23,27,33,12,"https://www.crunchbase.com/organization/webblen","https://uploads-ssl.webflow.com/5f6e2a062cd638f880f8ce94/60ca36eaf4bb134144698689_Webblen%20Whitepaper%20June%2021.pdf","https://www.webblen.io/company-overview","Services Provider","https://algoexplorer.io/asset/509808838","https://ecosystem.algorand.com/project/webblen","TBD","TBD","https://algoexplorer.io/address/L6NW6ACFA3IGTHI4SJAYWNT4MATWLOLOF2XWSUXA64COAKRPB26BCNO77I","TBD","https://algoexplorer.io/address/M4OVIUU3BZAQBIKFNWPBJXSYFIMZIAH3L2DJUPLERHZH7T3CE4UMDQY36M","https://algoexplorer.io/address/M4OVIUU3BZAQBIKFNWPBJXSYFIMZIAH3L2DJUPLERHZH7T3CE4UMDQY36M","https://discord.gg/hQQBa6Jy4X","TBD","TBD","https://www.linkedin.com/company/18306919","https://webblen.medium.com/","https://www.reddit.com/r/SmileCoin/","https://t.me/webblennetwork","https://tinychart.org/asset/509808838","https://twitter.com/WebblenInc","https://www.webblen.io/"
"WhereDeFi","TBD","TBD","TBD","TBD","TBD","TBD","TBD","TBD","TBD","TBD",,,"Analytics,
Defi","TBD","https://ecosystem.algorand.com/project/wheredefi","TBD","TBD","TBD","TBD","TBD","TBD","https://discord.gg/F6XfeGQGBw","TBD","TBD","TBD","TBD","TBD","TBD","TBD","https://twitter.com/WhereDeFi","https://wheredefi.com/"
"xBacked","TBD","TBD","TBD","TBD","TBD","TBD","TBD","TBD","TBD","TBD",,"https://www.xbacked.io/#roadmap","DAO, Defi,
Governance","TBD","https://ecosystem.algorand.com/project/xbacked","TBD","TBD","TBD","TBD","TBD","TBD","https://discord.io/xBacked","TBD","https://github.com/xBacked-DAO/","TBD","https://medium.com/@social_3568","TBD","TBD","TBD","https://twitter.com/xbacked","https://xbacked.io/"
"Xfinite",283820866,"Yes",828862,100,180390,6600,6470,6694,1626,"https://www.crunchbase.com/organization/xfinite","https://www.xfinite.io/lite-paper/","https://www.xfinite.io/roadmap/","Art, MetaVerse, Music,
NFT Marketplace,
Play-to-Earn,
Sports & Gaming","https://algoexplorer.io/asset/283820866","https://ecosystem.algorand.com/project/xfinite-entertainment-token","TBD","TBD","https://algoexplorer.io/address/HYIJYKMUYNUKMXRPCI2MZFBI2YN57B7R6KT3UZ2MX3QNJE3NVEHC2Q3RSU","TBD","https://algoexplorer.io/address/HYIJYKMUYNUKMXRPCI2MZFBI2YN57B7R6KT3UZ2MX3QNJE3NVEHC2Q3RSU","TBD","https://discord.gg/XKAqdY4b7w","TBD","TBD","https://www.linkedin.com/company/xfiniteofficial/","https://xfiniteofficial.medium.com/","TBD","https://t.me/XfiniteOfficialCommunity","https://tinychart.org/asset/283820866","https://twitter.com/XfiniteOfficial","https://www.xfinite.io/"
"XP Network","TBD","TBD","TBD","TBD","TBD","TBD","TBD","TBD","TBD","https://www.crunchbase.com/organization/xp-networks","https://xp.network/whitepaper","https://docs.xp.network/docs/roadmap/","Infrastructure","TBD","https://ecosystem.algorand.com/project/xp-network","TBD","TBD","TBD","TBD","TBD","TBD","TBD","TBD","https://github.com/xp-network","TBD","https://blog.xp.network/","https://www.reddit.com/user/XP_network/","TBD","TBD","https://twitter.com/XPNetwork_","https://xp.network/"
"Yieldly",226701642,"Yes",5458176,100,119534,1585,1502,1798,232,"https://www.crunchbase.com/organization/yieldly",,"https://yieldly.finance/","Defi","https://algoexplorer.io/asset/226701642","https://ecosystem.algorand.com/project/yieldly","TBD","TBD","https://algoexplorer.io/address/6SSWYFBRAGM5HMCANECPENBJWOV6UM3O54DYGRNK7GRCHU4QW2ZQJUPYNI","TBD","https://algoexplorer.io/address/Q2JK6TIJB6XDU3X4TNVDWSW4M2RLKLU6O6EWNTHGYREMFIJGXYPHVURNMY","TBD","https://discord.com/invite/Vxdw7t5ZaX","TBD","https://github.com/yieldly-finance","https://www.linkedin.com/company/yieldlyfinance/","https://yieldly.medium.com/","https://www.reddit.com/r/yieldly/","TBD","https://tinychart.org/asset/226701642","https://twitter.com/yieldlyfinance?s=11","https://yieldly.finance/"
"Zenny",317670428,"Yes",43806,100,6653,27,44,53,21,"TBD",,,"NFT Artist, NFT Project,
Sports & Gaming","https://algoexplorer.io/asset/317670428","https://ecosystem.algorand.com/project/zenny-casino","TBD","TBD","https://algoexplorer.io/address/Q7CMKLLZBGHGXNF47YKDMQAZ2LX77TBJZIY6D2GPWSXP3I7TVONUFL2TMI","TBD","https://algoexplorer.io/address/Q7CMKLLZBGHGXNF47YKDMQAZ2LX77TBJZIY6D2GPWSXP3I7TVONUFL2TMI","https://algoexplorer.io/address/Q7CMKLLZBGHGXNF47YKDMQAZ2LX77TBJZIY6D2GPWSXP3I7TVONUFL2TMI","https://discord.gg/FYQw5PYqsr","TBD","TBD","TBD","TBD","TBD","TBD","https://tinychart.org/asset/317670428","https://twitter.com/casinozenny","https://zenny.casino/"
"ZestBloom","TBD","TBD","TBD","TBD","TBD","TBD","TBD","TBD","TBD","https://www.crunchbase.com/organization/zestbloom",,,"NFT Marketplace","TBD","https://ecosystem.algorand.com/project/zestbloom","TBD","TBD","TBD","TBD","TBD","TBD","https://discord.gg/wjVrF4EXKu","mailto:%20team@zestbloom.com","https://github.com/ZestBloom/","TBD","https://medium.com/@zestbloom","https://www.reddit.com/r/ZestBloom/","TBD","TBD","https://twitter.com/ZestBloom","https://zestbloom.com/"
"Zone",444035862,"Yes",200604,100,37536,376,504,808,296,"https://www.crunchbase.com/organization/zone-af6d","https://docsend.com/view/j22evyxhdhc78d3w","https://docs.zone.game/roadmap","Defi, NFT Project,
Play-to-Earn,
Sports & Gaming","https://algoexplorer.io/asset/444035862","https://ecosystem.algorand.com/project/zone","TBD","TBD","https://algoexplorer.io/address/DSD64N54TOAORLOM77EGKC4N3L55N45WLXUV3I24HZBJLY5YX22VXATHTA","TBD","https://algoexplorer.io/address/DSD64N54TOAORLOM77EGKC4N3L55N45WLXUV3I24HZBJLY5YX22VXATHTA","TBD","https://discord.com/invite/rKFBUhHV8B","TBD","TBD","https://www.linkedin.com/company/zonegamefi/","https://blog.zone.game/","https://www.reddit.com/r/ZoneGameFi","TBD","https://tinychart.org/asset/444035862","https://twitter.com/xtz_esports?lang=en","https://www.zone.game/"